,fileID,platform,flightDirection,centerLat,centerLon,startTime
0,S1B_IW_GRDH_1SDV_20161231T234437_20161231T234456_003647_00640D_1307-GRD_HD,Sentinel-1B,ASCENDING,59.2518,-91.2592,2016-12-31 23:44:37.000000
1,S1B_IW_GRDH_1SDV_20161231T234412_20161231T234437_003647_00640D_9C12-GRD_HD,Sentinel-1B,ASCENDING,57.9347,-90.7849,2016-12-31 23:44:12.000000
2,S1B_IW_GRDH_1SDV_20161231T234347_20161231T234412_003647_00640D_8C6B-GRD_HD,Sentinel-1B,ASCENDING,56.4442,-90.2751,2016-12-31 23:43:47.000000
3,S1B_IW_GRDH_1SDV_20161231T234322_20161231T234347_003647_00640D_7C89-GRD_HD,Sentinel-1B,ASCENDING,54.9525,-89.7889,2016-12-31 23:43:22.000000
4,S1B_IW_GRDH_1SDV_20161231T234257_20161231T234322_003647_00640D_AB0A-GRD_HD,Sentinel-1B,ASCENDING,53.4596,-89.325,2016-12-31 23:42:57.000000
5,S1B_IW_GRDH_1SDV_20161231T234232_20161231T234257_003647_00640D_E594-GRD_HD,Sentinel-1B,ASCENDING,51.9654,-88.8811,2016-12-31 23:42:32.000000
6,S1B_IW_GRDH_1SDV_20161231T234203_20161231T234232_003647_00640D_DB6C-GRD_HD,Sentinel-1B,ASCENDING,50.3497,-88.4209,2016-12-31 23:42:03.000000
7,S1A_IW_GRDH_1SDV_20161231T232745_20161231T232814_014630_017C9B_DDAA-GRD_HD,Sentinel-1A,DESCENDING,5.4577,94.4731,2016-12-31 23:27:45.000000
8,S1A_IW_GRDH_1SDV_20161231T232450_20161231T232518_014630_017C9A_B0E9-GRD_HD,Sentinel-1A,DESCENDING,16.0486,96.6107,2016-12-31 23:24:50.000000
9,S1A_IW_GRDH_1SDV_20161231T232425_20161231T232450_014630_017C9A_64C5-GRD_HD,Sentinel-1A,DESCENDING,17.629,96.9238,2016-12-31 23:24:25.000000
10,S1A_IW_GRDH_1SDV_20161231T232400_20161231T232425_014630_017C9A_1B3D-GRD_HD,Sentinel-1A,DESCENDING,19.1395,97.2218,2016-12-31 23:24:00.000000
11,S1A_IW_GRDH_1SDV_20161231T232335_20161231T232400_014630_017C9A_223A-GRD_HD,Sentinel-1A,DESCENDING,20.6493,97.5229,2016-12-31 23:23:35.000000
12,S1A_IW_GRDH_1SDV_20161231T232310_20161231T232335_014630_017C9A_D199-GRD_HD,Sentinel-1A,DESCENDING,22.1593,97.8215,2016-12-31 23:23:10.000000
13,S1A_IW_GRDH_1SDV_20161231T232245_20161231T232310_014630_017C9A_CDC0-GRD_HD,Sentinel-1A,DESCENDING,23.6687,98.123,2016-12-31 23:22:45.000000
14,S1A_IW_GRDH_1SDV_20161231T232220_20161231T232245_014630_017C9A_EA9C-GRD_HD,Sentinel-1A,DESCENDING,25.1781,98.4225,2016-12-31 23:22:20.000000
15,S1A_IW_GRDH_1SDV_20161231T232151_20161231T232220_014630_017C9A_E886-GRD_HD,Sentinel-1A,DESCENDING,26.8095,98.7406,2016-12-31 23:21:51.000000
16,S1A_IW_GRDH_1SDV_20161231T225453_20161231T225517_014630_017C96_7F94-GRD_HD,Sentinel-1A,ASCENDING,55.5952,-77.6827,2016-12-31 22:54:53.000000
17,S1A_IW_GRDH_1SDV_20161231T225428_20161231T225453_014630_017C96_35D8-GRD_HD,Sentinel-1A,ASCENDING,54.1313,-77.2186,2016-12-31 22:54:28.000000
18,S1A_IW_GRDH_1SDV_20161231T225403_20161231T225428_014630_017C96_B53F-GRD_HD,Sentinel-1A,ASCENDING,52.6375,-76.7669,2016-12-31 22:54:03.000000
19,S1A_IW_GRDH_1SDV_20161231T225338_20161231T225403_014630_017C96_63F4-GRD_HD,Sentinel-1A,ASCENDING,51.1429,-76.3313,2016-12-31 22:53:38.000000
20,S1A_IW_GRDH_1SDV_20161231T225313_20161231T225338_014630_017C96_4381-GRD_HD,Sentinel-1A,ASCENDING,49.6473,-75.9114,2016-12-31 22:53:13.000000
21,S1A_IW_GRDH_1SDV_20161231T225248_20161231T225313_014630_017C96_40C8-GRD_HD,Sentinel-1A,ASCENDING,48.1505,-75.5065,2016-12-31 22:52:48.000000
22,S1A_IW_GRDH_1SDV_20161231T225223_20161231T225248_014630_017C96_0500-GRD_HD,Sentinel-1A,ASCENDING,46.6526,-75.1167,2016-12-31 22:52:23.000000
23,S1A_IW_GRDH_1SDV_20161231T225158_20161231T225223_014630_017C96_5920-GRD_HD,Sentinel-1A,ASCENDING,45.1536,-74.739,2016-12-31 22:51:58.000000
24,S1A_IW_GRDH_1SDV_20161231T225133_20161231T225158_014630_017C96_58F7-GRD_HD,Sentinel-1A,ASCENDING,43.6542,-74.3676,2016-12-31 22:51:33.000000
25,S1A_IW_GRDH_1SDV_20161231T225108_20161231T225133_014630_017C96_7D38-GRD_HD,Sentinel-1A,ASCENDING,42.154,-74.005,2016-12-31 22:51:08.000000
26,S1A_IW_GRDH_1SDV_20161231T225039_20161231T225108_014630_017C96_64D7-GRD_HD,Sentinel-1A,ASCENDING,40.5316,-73.6274,2016-12-31 22:50:39.000000
27,S1B_IW_GRDH_1SDV_20161231T222646_20161231T222712_003646_006408_7D2B-GRD_HD,Sentinel-1B,DESCENDING,45.0248,115.0712,2016-12-31 22:26:46.000000
28,S1B_IW_GRDH_1SDV_20161231T222621_20161231T222646_003646_006408_79B8-GRD_HD,Sentinel-1B,DESCENDING,46.5297,115.4546,2016-12-31 22:26:21.000000
29,S1B_IW_GRDH_1SDV_20161231T222556_20161231T222621_003646_006408_8AB2-GRD_HD,Sentinel-1B,DESCENDING,48.0271,115.848,2016-12-31 22:25:56.000000
30,S1B_IW_GRDH_1SDV_20161231T222531_20161231T222556_003646_006408_66D4-GRD_HD,Sentinel-1B,DESCENDING,49.5242,116.2486,2016-12-31 22:25:31.000000
31,S1B_IW_GRDH_1SDV_20161231T222506_20161231T222531_003646_006408_AA22-GRD_HD,Sentinel-1B,DESCENDING,51.0206,116.66,2016-12-31 22:25:06.000000
32,S1B_IW_GRDH_1SDV_20161231T222441_20161231T222506_003646_006408_49F1-GRD_HD,Sentinel-1B,DESCENDING,52.5158,117.0895,2016-12-31 22:24:41.000000
33,S1B_IW_GRDH_1SDV_20161231T222416_20161231T222441_003646_006408_0A56-GRD_HD,Sentinel-1B,DESCENDING,54.0098,117.5368,2016-12-31 22:24:16.000000
34,S1B_IW_GRDH_1SDV_20161231T222351_20161231T222416_003646_006408_5DA4-GRD_HD,Sentinel-1B,DESCENDING,55.5033,117.998,2016-12-31 22:23:51.000000
35,S1B_IW_GRDH_1SDV_20161231T222326_20161231T222351_003646_006408_089F-GRD_HD,Sentinel-1B,DESCENDING,56.9949,118.4879,2016-12-31 22:23:26.000000
36,S1B_IW_GRDH_1SDV_20161231T222301_20161231T222326_003646_006408_D63A-GRD_HD,Sentinel-1B,DESCENDING,58.4839,119.0176,2016-12-31 22:23:01.000000
37,S1B_IW_GRDH_1SDV_20161231T222236_20161231T222301_003646_006408_641E-GRD_HD,Sentinel-1B,DESCENDING,59.9718,119.5746,2016-12-31 22:22:36.000000
38,S1B_IW_GRDH_1SDV_20161231T222211_20161231T222236_003646_006408_8BCF-GRD_HD,Sentinel-1B,DESCENDING,61.4589,120.157,2016-12-31 22:22:11.000000
39,S1B_IW_GRDH_1SDV_20161231T222146_20161231T222211_003646_006408_7838-GRD_HD,Sentinel-1B,DESCENDING,62.9441,120.7821,2016-12-31 22:21:46.000000
40,S1B_IW_GRDH_1SDV_20161231T222121_20161231T222146_003646_006408_3930-GRD_HD,Sentinel-1B,DESCENDING,64.4271,121.4581,2016-12-31 22:21:21.000000
41,S1B_IW_GRDH_1SDV_20161231T222056_20161231T222121_003646_006408_48F1-GRD_HD,Sentinel-1B,DESCENDING,65.908,122.188,2016-12-31 22:20:56.000000
42,S1B_IW_GRDH_1SDV_20161231T222031_20161231T222056_003646_006408_C475-GRD_HD,Sentinel-1B,DESCENDING,67.3865,122.9835,2016-12-31 22:20:31.000000
43,S1B_IW_GRDH_1SDV_20161231T222006_20161231T222031_003646_006408_81B3-GRD_HD,Sentinel-1B,DESCENDING,68.8621,123.8593,2016-12-31 22:20:06.000000
44,S1B_IW_GRDH_1SDV_20161231T221941_20161231T222006_003646_006408_FE36-GRD_HD,Sentinel-1B,DESCENDING,70.3337,124.8383,2016-12-31 22:19:41.000000
45,S1B_IW_GRDH_1SDV_20161231T221916_20161231T221941_003646_006408_2DBA-GRD_HD,Sentinel-1B,DESCENDING,71.8002,125.9503,2016-12-31 22:19:16.000000
46,S1B_IW_GRDH_1SDV_20161231T221847_20161231T221916_003646_006408_6A7B-GRD_HD,Sentinel-1B,DESCENDING,73.3793,127.3294,2016-12-31 22:18:47.000000
47,S1B_IW_GRDH_1SDV_20161231T220605_20161231T220630_003646_006407_8483-GRD_HD,Sentinel-1B,ASCENDING,60.2054,-66.9203,2016-12-31 22:06:05.000000
48,S1B_IW_GRDH_1SDV_20161231T220540_20161231T220605_003646_006407_F881-GRD_HD,Sentinel-1B,ASCENDING,58.7043,-66.3602,2016-12-31 22:05:40.000000
49,S1B_IW_GRDH_1SDV_20161231T220511_20161231T220540_003646_006407_5C47-GRD_HD,Sentinel-1B,ASCENDING,57.0948,-65.7904,2016-12-31 22:05:11.000000
50,S1A_IW_GRDH_1SDV_20161231T215257_20161231T215316_014629_017C91_D4F9-GRD_HD,Sentinel-1A,DESCENDING,-8.5144,116.1559,2016-12-31 21:52:57.000000
51,S1A_IW_GRDH_1SDV_20161231T215142_20161231T215201_014629_017C90_59AF-GRD_HD,Sentinel-1A,DESCENDING,-4.013,117.1633,2016-12-31 21:51:42.000000
52,S1A_IW_GRDH_1SDV_20161231T215117_20161231T215142_014629_017C90_8E60-GRD_HD,Sentinel-1A,DESCENDING,-2.6775,117.4498,2016-12-31 21:51:17.000000
53,S1A_IW_GRDH_1SDV_20161231T215052_20161231T215117_014629_017C90_F77D-GRD_HD,Sentinel-1A,DESCENDING,-1.1678,117.771,2016-12-31 21:50:52.000000
54,S1A_IW_GRDH_1SDV_20161231T215027_20161231T215052_014629_017C90_26E7-GRD_HD,Sentinel-1A,DESCENDING,0.3424,118.0884,2016-12-31 21:50:27.000000
55,S1A_IW_GRDH_1SDV_20161231T215002_20161231T215027_014629_017C90_344D-GRD_HD,Sentinel-1A,DESCENDING,1.8527,118.4039,2016-12-31 21:50:02.000000
56,S1A_IW_GRDH_1SDV_20161231T214937_20161231T215002_014629_017C90_AEB8-GRD_HD,Sentinel-1A,DESCENDING,3.3629,118.718,2016-12-31 21:49:37.000000
57,S1A_IW_GRDH_1SDV_20161231T214908_20161231T214937_014629_017C90_4C99-GRD_HD,Sentinel-1A,DESCENDING,4.9951,119.0537,2016-12-31 21:49:08.000000
58,S1A_IW_GRDH_1SDV_20161231T214748_20161231T214812_014629_017C8F_A1A1-GRD_HD,Sentinel-1A,DESCENDING,9.983,120.077,2016-12-31 21:47:48.000000
59,S1A_IW_GRDH_1SDV_20161231T214723_20161231T214748_014629_017C8F_9689-GRD_HD,Sentinel-1A,DESCENDING,11.4853,120.38,2016-12-31 21:47:23.000000
60,S1A_IW_GRDH_1SDV_20161231T214658_20161231T214723_014629_017C8F_4A80-GRD_HD,Sentinel-1A,DESCENDING,12.9959,120.6834,2016-12-31 21:46:58.000000
61,S1A_IW_GRDH_1SDV_20161231T214633_20161231T214658_014629_017C8F_49D5-GRD_HD,Sentinel-1A,DESCENDING,14.5063,120.987,2016-12-31 21:46:33.000000
62,S1A_IW_GRDH_1SDV_20161231T214608_20161231T214633_014629_017C8F_56A7-GRD_HD,Sentinel-1A,DESCENDING,16.0168,121.2887,2016-12-31 21:46:08.000000
63,S1A_IW_GRDH_1SDV_20161231T214543_20161231T214608_014629_017C8F_EB9B-GRD_HD,Sentinel-1A,DESCENDING,17.5269,121.5912,2016-12-31 21:45:43.000000
64,S1A_IW_GRDH_1SDV_20161231T214514_20161231T214543_014629_017C8F_3176-GRD_HD,Sentinel-1A,DESCENDING,19.1576,121.9213,2016-12-31 21:45:14.000000
65,S1B_S6_GRDH_1SDV_20161231T214249_20161231T214318_003645_006405_82E9-GRD_HD,Sentinel-1B,ASCENDING,-23.4316,-46.3248,2016-12-31 21:42:49.000000
66,S1A_EW_GRDH_1SDH_20161231T212225_20161231T212322_014629_017C8D_509B-GRD_HD,Sentinel-1A,ASCENDING,78.5282,-72.0773,2016-12-31 21:22:25.000000
67,S1A_EW_GRDH_1SDH_20161231T212125_20161231T212225_014629_017C8D_236A-GRD_HD,Sentinel-1A,ASCENDING,75.2057,-66.4201,2016-12-31 21:21:25.000000
68,S1A_EW_GRDH_1SDH_20161231T212025_20161231T212125_014629_017C8D_CADD-GRD_HD,Sentinel-1A,ASCENDING,71.7385,-62.624,2016-12-31 21:20:25.000000
69,S1A_EW_GRDH_1SDH_20161231T211925_20161231T212025_014629_017C8D_2705-GRD_HD,Sentinel-1A,ASCENDING,68.2292,-59.8781,2016-12-31 21:19:25.000000
70,S1A_EW_GRDH_1SDH_20161231T211825_20161231T211925_014629_017C8D_4242-GRD_HD,Sentinel-1A,ASCENDING,64.6929,-57.7661,2016-12-31 21:18:25.000000
71,S1A_EW_GRDH_1SDH_20161231T211725_20161231T211825_014629_017C8D_3744-GRD_HD,Sentinel-1A,ASCENDING,61.1385,-56.0574,2016-12-31 21:17:25.000000
72,S1A_EW_GRDH_1SDH_20161231T211620_20161231T211725_014629_017C8D_229C-GRD_HD,Sentinel-1A,ASCENDING,57.4448,-54.5576,2016-12-31 21:16:20.000000
73,S1B_IW_GRDH_1SDV_20161231T210950_20161231T211014_003645_006401_3B94-GRD_HD,Sentinel-1B,DESCENDING,-33.676,121.6786,2016-12-31 21:09:50.000000
74,S1B_IW_GRDH_1SDV_20161231T210925_20161231T210950_003645_006401_B586-GRD_HD,Sentinel-1B,DESCENDING,-32.2076,122.1599,2016-12-31 21:09:25.000000
75,S1B_IW_GRDH_1SDV_20161231T210900_20161231T210925_003645_006401_63A8-GRD_HD,Sentinel-1B,DESCENDING,-30.7186,122.6331,2016-12-31 21:09:00.000000
76,S1B_IW_GRDH_1SDV_20161231T210835_20161231T210900_003645_006401_C27C-GRD_HD,Sentinel-1B,DESCENDING,-29.2277,123.092,2016-12-31 21:08:35.000000
77,S1B_IW_GRDH_1SDV_20161231T210810_20161231T210835_003645_006401_5BA1-GRD_HD,Sentinel-1B,DESCENDING,-27.735,123.5377,2016-12-31 21:08:10.000000
78,S1B_IW_GRDH_1SDV_20161231T210745_20161231T210810_003645_006401_8A7C-GRD_HD,Sentinel-1B,DESCENDING,-26.2407,123.9715,2016-12-31 21:07:45.000000
79,S1B_IW_GRDH_1SDV_20161231T210720_20161231T210745_003645_006401_89F4-GRD_HD,Sentinel-1B,DESCENDING,-24.7449,124.3944,2016-12-31 21:07:20.000000
80,S1B_IW_GRDH_1SDV_20161231T210655_20161231T210720_003645_006401_E8C2-GRD_HD,Sentinel-1B,DESCENDING,-23.2477,124.8071,2016-12-31 21:06:55.000000
81,S1B_IW_GRDH_1SDV_20161231T210626_20161231T210655_003645_006401_947B-GRD_HD,Sentinel-1B,DESCENDING,-21.6284,125.242,2016-12-31 21:06:26.000000
82,S1B_IW_GRDH_1SDV_20161231T204603_20161231T204631_003645_0063FF_4794-GRD_HD,Sentinel-1B,DESCENDING,52.0638,141.6871,2016-12-31 20:46:03.000000
83,S1B_IW_GRDH_1SDV_20161231T204534_20161231T204603_003645_0063FF_3B76-GRD_HD,Sentinel-1B,DESCENDING,53.779,142.2008,2016-12-31 20:45:34.000000
84,S1B_IW_GRDH_1SDV_20161231T204138_20161231T204206_003645_0063FE_8617-GRD_HD,Sentinel-1B,DESCENDING,67.8019,147.8484,2016-12-31 20:41:38.000000
85,S1B_IW_GRDH_1SDV_20161231T204113_20161231T204138_003645_0063FE_4788-GRD_HD,Sentinel-1B,DESCENDING,69.3554,148.7995,2016-12-31 20:41:13.000000
86,S1B_IW_GRDH_1SDV_20161231T204048_20161231T204113_003645_0063FE_B8C0-GRD_HD,Sentinel-1B,DESCENDING,70.8257,149.8159,2016-12-31 20:40:48.000000
87,S1B_IW_GRDH_1SDV_20161231T204023_20161231T204048_003645_0063FE_3B9F-GRD_HD,Sentinel-1B,DESCENDING,72.2911,150.9675,2016-12-31 20:40:23.000000
88,S1B_IW_GRDH_1SDV_20161231T203958_20161231T204023_003645_0063FE_5F6D-GRD_HD,Sentinel-1B,DESCENDING,73.7508,152.2864,2016-12-31 20:39:58.000000
89,S1B_IW_GRDH_1SDV_20161231T203929_20161231T203958_003645_0063FE_186B-GRD_HD,Sentinel-1B,DESCENDING,75.3198,153.959,2016-12-31 20:39:29.000000
90,S1A_IW_GRDH_1SDV_20161231T201746_20161231T201814_014628_017C89_8AD3-GRD_HD,Sentinel-1A,DESCENDING,-21.6579,137.6193,2016-12-31 20:17:46.000000
91,S1A_IW_GRDH_1SDV_20161231T201721_20161231T201746_014628_017C89_CCB3-GRD_HD,Sentinel-1A,DESCENDING,-20.067,138.0344,2016-12-31 20:17:21.000000
92,S1A_IW_GRDH_1SDV_20161231T201656_20161231T201721_014628_017C89_E486-GRD_HD,Sentinel-1A,DESCENDING,-18.5659,138.4191,2016-12-31 20:16:56.000000
93,S1A_IW_GRDH_1SDV_20161231T201627_20161231T201656_014628_017C89_CF13-GRD_HD,Sentinel-1A,DESCENDING,-16.9435,138.8259,2016-12-31 20:16:27.000000
94,S1B_S2_GRDH_1SDV_20161231T191948_20161231T192012_003644_0063F4_AC44-GRD_HD,Sentinel-1B,DESCENDING,6.6775,158.1392,2016-12-31 19:19:48.000000
95,S1B_IW_GRDH_1SDV_20161231T190318_20161231T190344_003644_0063F2_7BD3-GRD_HD,Sentinel-1B,DESCENDING,66.4426,171.7953,2016-12-31 19:03:18.000000
96,S1B_IW_GRDH_1SDV_20161231T190253_20161231T190318_003644_0063F2_08A1-GRD_HD,Sentinel-1B,DESCENDING,67.9342,172.6143,2016-12-31 19:02:53.000000
97,S1B_IW_GRDH_1SDV_20161231T190224_20161231T190253_003644_0063F2_75CE-GRD_HD,Sentinel-1B,DESCENDING,69.5267,173.6096,2016-12-31 19:02:24.000000
98,S1B_IW_GRDH_1SDV_20161231T184511_20161231T184534_003644_0063F0_5FF0-GRD_HD,Sentinel-1B,ASCENDING,47.8822,-13.7619,2016-12-31 18:45:11.000000
99,S1B_IW_GRDH_1SDV_20161231T184446_20161231T184511_003644_0063F0_6DF8-GRD_HD,Sentinel-1B,ASCENDING,46.4343,-13.3845,2016-12-31 18:44:46.000000
100,S1B_IW_GRDH_1SDV_20161231T184421_20161231T184446_003644_0063F0_C9D4-GRD_HD,Sentinel-1B,ASCENDING,44.9354,-13.0049,2016-12-31 18:44:21.000000
101,S1B_IW_GRDH_1SDV_20161231T184356_20161231T184421_003644_0063F0_5198-GRD_HD,Sentinel-1B,ASCENDING,43.4357,-12.6352,2016-12-31 18:43:56.000000
102,S1B_IW_GRDH_1SDV_20161231T184331_20161231T184356_003644_0063F0_52D1-GRD_HD,Sentinel-1B,ASCENDING,41.9351,-12.2743,2016-12-31 18:43:31.000000
103,S1B_IW_GRDH_1SDV_20161231T184306_20161231T184331_003644_0063F0_DCCF-GRD_HD,Sentinel-1B,ASCENDING,40.4338,-11.9212,2016-12-31 18:43:06.000000
104,S1B_IW_GRDH_1SDV_20161231T184241_20161231T184306_003644_0063F0_EACF-GRD_HD,Sentinel-1B,ASCENDING,38.9317,-11.575,2016-12-31 18:42:41.000000
105,S1B_IW_GRDH_1SDV_20161231T184216_20161231T184241_003644_0063F0_F89C-GRD_HD,Sentinel-1B,ASCENDING,37.4289,-11.2351,2016-12-31 18:42:16.000000
106,S1B_IW_GRDH_1SDV_20161231T184151_20161231T184216_003644_0063F0_0ECF-GRD_HD,Sentinel-1B,ASCENDING,35.9253,-10.9008,2016-12-31 18:41:51.000000
107,S1B_IW_GRDH_1SDV_20161231T184126_20161231T184151_003644_0063F0_19B0-GRD_HD,Sentinel-1B,ASCENDING,34.4211,-10.5715,2016-12-31 18:41:26.000000
108,S1B_IW_GRDH_1SDV_20161231T184101_20161231T184126_003644_0063F0_7615-GRD_HD,Sentinel-1B,ASCENDING,32.9163,-10.2465,2016-12-31 18:41:01.000000
109,S1B_IW_GRDH_1SDV_20161231T184036_20161231T184101_003644_0063F0_D3D2-GRD_HD,Sentinel-1B,ASCENDING,31.4109,-9.9255,2016-12-31 18:40:36.000000
110,S1B_IW_GRDH_1SDV_20161231T184011_20161231T184036_003644_0063F0_DC91-GRD_HD,Sentinel-1B,ASCENDING,29.9052,-9.6061,2016-12-31 18:40:11.000000
111,S1B_IW_GRDH_1SDV_20161231T183946_20161231T184011_003644_0063F0_A289-GRD_HD,Sentinel-1B,ASCENDING,28.3993,-9.2874,2016-12-31 18:39:46.000000
112,S1B_IW_GRDH_1SDV_20161231T183917_20161231T183946_003644_0063F0_00C6-GRD_HD,Sentinel-1B,ASCENDING,26.7713,-8.9491,2016-12-31 18:39:17.000000
113,S1A_IW_GRDH_1SDV_20161231T175949_20161231T180014_014627_017C77_BE78-GRD_HD,Sentinel-1A,ASCENDING,59.7892,-5.089,2016-12-31 17:59:49.000000
114,S1A_IW_GRDH_1SDV_20161231T175924_20161231T175949_014627_017C77_30CD-GRD_HD,Sentinel-1A,ASCENDING,58.2836,-4.533,2016-12-31 17:59:24.000000
115,S1A_IW_GRDH_1SDV_20161231T175859_20161231T175924_014627_017C77_EAE8-GRD_HD,Sentinel-1A,ASCENDING,56.7935,-4.0155,2016-12-31 17:58:59.000000
116,S1A_IW_GRDH_1SDV_20161231T175834_20161231T175859_014627_017C77_F446-GRD_HD,Sentinel-1A,ASCENDING,55.3014,-3.5293,2016-12-31 17:58:34.000000
117,S1A_IW_GRDH_1SDV_20161231T175809_20161231T175834_014627_017C77_3162-GRD_HD,Sentinel-1A,ASCENDING,53.8087,-3.0611,2016-12-31 17:58:09.000000
118,S1A_IW_GRDH_1SDV_20161231T175744_20161231T175809_014627_017C77_52E0-GRD_HD,Sentinel-1A,ASCENDING,52.3147,-2.6132,2016-12-31 17:57:44.000000
119,S1A_IW_GRDH_1SDV_20161231T175719_20161231T175744_014627_017C77_92E9-GRD_HD,Sentinel-1A,ASCENDING,50.8192,-2.1862,2016-12-31 17:57:19.000000
120,S1A_IW_GRDH_1SDV_20161231T175654_20161231T175719_014627_017C77_3717-GRD_HD,Sentinel-1A,ASCENDING,49.3232,-1.7702,2016-12-31 17:56:54.000000
121,S1A_IW_GRDH_1SDV_20161231T175629_20161231T175654_014627_017C77_D835-GRD_HD,Sentinel-1A,ASCENDING,47.8261,-1.3692,2016-12-31 17:56:29.000000
122,S1A_IW_GRDH_1SDV_20161231T175604_20161231T175629_014627_017C77_2633-GRD_HD,Sentinel-1A,ASCENDING,46.3279,-0.982,2016-12-31 17:56:04.000000
123,S1A_IW_GRDH_1SDV_20161231T175539_20161231T175604_014627_017C77_3E38-GRD_HD,Sentinel-1A,ASCENDING,44.8289,-0.6039,2016-12-31 17:55:39.000000
124,S1A_IW_GRDH_1SDV_20161231T175514_20161231T175539_014627_017C77_F120-GRD_HD,Sentinel-1A,ASCENDING,43.3301,-0.2285,2016-12-31 17:55:14.000000
125,S1A_IW_GRDH_1SDV_20161231T175449_20161231T175514_014627_017C77_F08E-GRD_HD,Sentinel-1A,ASCENDING,41.8305,0.1387,2016-12-31 17:54:49.000000
126,S1A_IW_GRDH_1SDV_20161231T175424_20161231T175449_014627_017C77_296D-GRD_HD,Sentinel-1A,ASCENDING,40.3283,0.4848,2016-12-31 17:54:24.000000
127,S1A_IW_GRDH_1SDV_20161231T175359_20161231T175424_014627_017C77_25E0-GRD_HD,Sentinel-1A,ASCENDING,38.8252,0.822,2016-12-31 17:53:59.000000
128,S1A_IW_GRDH_1SDV_20161231T175334_20161231T175359_014627_017C77_F9FB-GRD_HD,Sentinel-1A,ASCENDING,37.3222,1.1596,2016-12-31 17:53:34.000000
129,S1A_IW_GRDH_1SDV_20161231T175309_20161231T175334_014627_017C77_6C81-GRD_HD,Sentinel-1A,ASCENDING,35.82,1.5021,2016-12-31 17:53:09.000000
130,S1A_IW_GRDH_1SDV_20161231T175240_20161231T175309_014627_017C77_8DDC-GRD_HD,Sentinel-1A,ASCENDING,34.1966,1.865,2016-12-31 17:52:40.000000
131,S1A_IW_GRDH_1SDV_20161231T174823_20161231T174847_014627_017C76_9261-GRD_HD,Sentinel-1A,ASCENDING,18.5832,5.02,2016-12-31 17:48:23.000000
132,S1A_IW_GRDH_1SDV_20161231T174758_20161231T174823_014627_017C76_552A-GRD_HD,Sentinel-1A,ASCENDING,17.1028,5.317,2016-12-31 17:47:58.000000
133,S1A_IW_GRDH_1SDV_20161231T174733_20161231T174758_014627_017C76_8DA3-GRD_HD,Sentinel-1A,ASCENDING,15.593,5.6204,2016-12-31 17:47:33.000000
134,S1A_IW_GRDH_1SDV_20161231T174708_20161231T174733_014627_017C76_6567-GRD_HD,Sentinel-1A,ASCENDING,14.0827,5.9232,2016-12-31 17:47:08.000000
135,S1A_IW_GRDH_1SDV_20161231T174643_20161231T174708_014627_017C76_4829-GRD_HD,Sentinel-1A,ASCENDING,12.5723,6.2268,2016-12-31 17:46:43.000000
136,S1A_IW_GRDH_1SDV_20161231T174618_20161231T174643_014627_017C76_AD21-GRD_HD,Sentinel-1A,ASCENDING,11.0618,6.5307,2016-12-31 17:46:18.000000
137,S1A_IW_GRDH_1SDV_20161231T174553_20161231T174618_014627_017C76_766C-GRD_HD,Sentinel-1A,ASCENDING,9.551,6.8342,2016-12-31 17:45:53.000000
138,S1A_IW_GRDH_1SDV_20161231T174528_20161231T174553_014627_017C76_56BB-GRD_HD,Sentinel-1A,ASCENDING,8.0402,7.1392,2016-12-31 17:45:28.000000
139,S1A_IW_GRDH_1SDV_20161231T174503_20161231T174528_014627_017C76_18A3-GRD_HD,Sentinel-1A,ASCENDING,6.5294,7.4463,2016-12-31 17:45:03.000000
140,S1A_IW_GRDH_1SDV_20161231T174438_20161231T174503_014627_017C76_EA0F-GRD_HD,Sentinel-1A,ASCENDING,5.0186,7.7543,2016-12-31 17:44:38.000000
141,S1A_IW_GRDH_1SDV_20161231T174409_20161231T174438_014627_017C76_C628-GRD_HD,Sentinel-1A,ASCENDING,3.387,8.0895,2016-12-31 17:44:09.000000
142,S1A_IW_GRDH_1SDV_20161231T173514_20161231T173541_014626_017C75_92E6-GRD_HD,Sentinel-1A,ASCENDING,-28.8466,15.9837,2016-12-31 17:35:14.000000
143,S1A_IW_GRDH_1SDV_20161231T173449_20161231T173514_014626_017C75_0553-GRD_HD,Sentinel-1A,ASCENDING,-30.4067,16.4622,2016-12-31 17:34:49.000000
144,S1A_IW_GRDH_1SDV_20161231T173424_20161231T173449_014626_017C75_386B-GRD_HD,Sentinel-1A,ASCENDING,-31.8956,16.934,2016-12-31 17:34:24.000000
145,S1A_IW_GRDH_1SDV_20161231T173359_20161231T173424_014626_017C75_04D3-GRD_HD,Sentinel-1A,ASCENDING,-33.3824,17.4214,2016-12-31 17:33:59.000000
146,S1A_IW_GRDH_1SDV_20161231T173334_20161231T173359_014626_017C75_6C0B-GRD_HD,Sentinel-1A,ASCENDING,-34.8669,17.9254,2016-12-31 17:33:34.000000
147,S1A_IW_GRDH_1SDV_20161231T173309_20161231T173334_014626_017C75_495F-GRD_HD,Sentinel-1A,ASCENDING,-36.349,18.4478,2016-12-31 17:33:09.000000
148,S1A_IW_GRDH_1SDV_20161231T173244_20161231T173309_014626_017C75_53DE-GRD_HD,Sentinel-1A,ASCENDING,-37.8284,18.9899,2016-12-31 17:32:44.000000
149,S1A_IW_GRDH_1SDV_20161231T173215_20161231T173244_014626_017C75_8606-GRD_HD,Sentinel-1A,ASCENDING,-39.4236,19.5998,2016-12-31 17:32:15.000000
150,S1B_IW_GRDH_1SDV_20161231T171140_20161231T171215_003643_0063E9_5832-GRD_HD,Sentinel-1B,ASCENDING,66.9228,4.0899,2016-12-31 17:11:40.000000
151,S1B_IW_GRDH_1SDV_20161231T171115_20161231T171140_003643_0063E9_BDA7-GRD_HD,Sentinel-1B,ASCENDING,65.1452,5.0099,2016-12-31 17:11:15.000000
152,S1B_IW_GRDH_1SDV_20161231T171050_20161231T171115_003643_0063E9_CC64-GRD_HD,Sentinel-1B,ASCENDING,63.6628,5.7075,2016-12-31 17:10:50.000000
153,S1B_IW_GRDH_1SDV_20161231T171025_20161231T171050_003643_0063E9_B6F1-GRD_HD,Sentinel-1B,ASCENDING,62.1788,6.3575,2016-12-31 17:10:25.000000
154,S1B_IW_GRDH_1SDV_20161231T171000_20161231T171025_003643_0063E9_C203-GRD_HD,Sentinel-1B,ASCENDING,60.6929,6.965,2016-12-31 17:10:00.000000
155,S1B_IW_GRDH_1SDV_20161231T170935_20161231T171000_003643_0063E9_21DF-GRD_HD,Sentinel-1B,ASCENDING,59.2048,7.5279,2016-12-31 17:09:35.000000
156,S1B_IW_GRDH_1SDV_20161231T170910_20161231T170935_003643_0063E9_EA99-GRD_HD,Sentinel-1B,ASCENDING,57.7148,8.0543,2016-12-31 17:09:10.000000
157,S1B_IW_GRDH_1SDV_20161231T170845_20161231T170910_003643_0063E9_0B02-GRD_HD,Sentinel-1B,ASCENDING,56.2237,8.5558,2016-12-31 17:08:45.000000
158,S1B_IW_GRDH_1SDV_20161231T170820_20161231T170845_003643_0063E9_69A5-GRD_HD,Sentinel-1B,ASCENDING,54.7315,9.0351,2016-12-31 17:08:20.000000
159,S1B_IW_GRDH_1SDV_20161231T170755_20161231T170820_003643_0063E9_F244-GRD_HD,Sentinel-1B,ASCENDING,53.2382,9.4938,2016-12-31 17:07:55.000000
160,S1B_IW_GRDH_1SDV_20161231T170726_20161231T170755_003643_0063E9_0D4B-GRD_HD,Sentinel-1B,ASCENDING,51.6236,9.9718,2016-12-31 17:07:26.000000
161,S1B_S4_GRDH_1SDV_20161231T170708_20161231T170719_003643_0063E8_E0E0-GRD_HD,Sentinel-1B,ASCENDING,49.9655,9.9875,2016-12-31 17:07:08.000000
162,S1B_S4_GRDH_1SDV_20161231T170643_20161231T170708_003643_0063E8_2776-GRD_HD,Sentinel-1B,ASCENDING,48.8861,10.294,2016-12-31 17:06:43.000000
163,S1B_S4_GRDH_1SDV_20161231T170615_20161231T170643_003643_0063E8_CE98-GRD_HD,Sentinel-1B,ASCENDING,47.2955,10.7402,2016-12-31 17:06:15.000000
164,S1B_IW_GRDH_1SDV_20161231T170534_20161231T170602_003643_0063E7_4FFD-GRD_HD,Sentinel-1B,ASCENDING,44.9214,11.6974,2016-12-31 17:05:34.000000
165,S1B_IW_GRDH_1SDV_20161231T170509_20161231T170534_003643_0063E7_4D16-GRD_HD,Sentinel-1B,ASCENDING,43.3306,12.088,2016-12-31 17:05:09.000000
166,S1B_IW_GRDH_1SDV_20161231T170444_20161231T170509_003643_0063E7_4E96-GRD_HD,Sentinel-1B,ASCENDING,41.8294,12.444,2016-12-31 17:04:44.000000
167,S1B_IW_GRDH_1SDV_20161231T170415_20161231T170444_003643_0063E7_9F1B-GRD_HD,Sentinel-1B,ASCENDING,40.2071,12.8236,2016-12-31 17:04:15.000000
168,S1B_IW_GRDH_1SDV_20161231T170345_20161231T170409_003643_0063E6_B0E7-GRD_HD,Sentinel-1B,ASCENDING,38.2464,13.2474,2016-12-31 17:03:45.000000
169,S1B_IW_GRDH_1SDV_20161231T170320_20161231T170345_003643_0063E6_1BAD-GRD_HD,Sentinel-1B,ASCENDING,36.7722,13.5786,2016-12-31 17:03:20.000000
170,S1B_IW_GRDH_1SDV_20161231T170255_20161231T170320_003643_0063E6_5B74-GRD_HD,Sentinel-1B,ASCENDING,35.2684,13.911,2016-12-31 17:02:55.000000
171,S1B_IW_GRDH_1SDV_20161231T170230_20161231T170255_003643_0063E6_74BB-GRD_HD,Sentinel-1B,ASCENDING,33.764,14.2388,2016-12-31 17:02:30.000000
172,S1B_IW_GRDH_1SDV_20161231T170205_20161231T170230_003643_0063E6_42EC-GRD_HD,Sentinel-1B,ASCENDING,32.2592,14.5643,2016-12-31 17:02:05.000000
173,S1B_IW_GRDH_1SDV_20161231T170140_20161231T170205_003643_0063E6_4423-GRD_HD,Sentinel-1B,ASCENDING,30.754,14.887,2016-12-31 17:01:40.000000
174,S1B_IW_GRDH_1SDV_20161231T170115_20161231T170140_003643_0063E6_97E9-GRD_HD,Sentinel-1B,ASCENDING,29.2482,15.2062,2016-12-31 17:01:15.000000
175,S1B_IW_GRDH_1SDV_20161231T170050_20161231T170115_003643_0063E6_F8AE-GRD_HD,Sentinel-1B,ASCENDING,27.7414,15.5203,2016-12-31 17:00:50.000000
176,S1B_IW_GRDH_1SDV_20161231T170025_20161231T170050_003643_0063E6_03D1-GRD_HD,Sentinel-1B,ASCENDING,26.234,15.8306,2016-12-31 17:00:25.000000
177,S1B_IW_GRDH_1SDV_20161231T170000_20161231T170025_003643_0063E6_A81A-GRD_HD,Sentinel-1B,ASCENDING,24.7265,16.1409,2016-12-31 17:00:00.000000
178,S1B_IW_GRDH_1SDV_20161231T165931_20161231T170000_003643_0063E6_D401-GRD_HD,Sentinel-1B,ASCENDING,23.0971,16.4752,2016-12-31 16:59:31.000000
179,S1B_IW_GRDH_1SDV_20161231T165014_20161231T165038_003642_0063E5_753B-GRD_HD,Sentinel-1B,ASCENDING,-10.6837,23.5425,2016-12-31 16:50:14.000000
180,S1B_IW_GRDH_1SDV_20161231T164949_20161231T165014_003642_0063E5_659C-GRD_HD,Sentinel-1B,ASCENDING,-12.1711,23.8873,2016-12-31 16:49:49.000000
181,S1B_IW_GRDH_1SDV_20161231T164924_20161231T164949_003642_0063E5_3AB6-GRD_HD,Sentinel-1B,ASCENDING,-13.6767,24.2402,2016-12-31 16:49:24.000000
182,S1B_IW_GRDH_1SDV_20161231T164859_20161231T164924_003642_0063E5_F547-GRD_HD,Sentinel-1B,ASCENDING,-15.1816,24.5991,2016-12-31 16:48:59.000000
183,S1B_IW_GRDH_1SDV_20161231T164834_20161231T164859_003642_0063E5_EF0B-GRD_HD,Sentinel-1B,ASCENDING,-16.6854,24.9649,2016-12-31 16:48:34.000000
184,S1B_IW_GRDH_1SDV_20161231T164809_20161231T164834_003642_0063E5_40B3-GRD_HD,Sentinel-1B,ASCENDING,-18.1882,25.3383,2016-12-31 16:48:09.000000
185,S1B_IW_GRDH_1SDV_20161231T164744_20161231T164809_003642_0063E5_82DF-GRD_HD,Sentinel-1B,ASCENDING,-19.6897,25.7199,2016-12-31 16:47:44.000000
186,S1B_IW_GRDH_1SDV_20161231T164719_20161231T164744_003642_0063E5_7145-GRD_HD,Sentinel-1B,ASCENDING,-21.19,26.1101,2016-12-31 16:47:19.000000
187,S1B_IW_GRDH_1SDV_20161231T164650_20161231T164719_003642_0063E5_5161-GRD_HD,Sentinel-1B,ASCENDING,-22.8092,26.5422,2016-12-31 16:46:50.000000
188,S1A_IW_GRDH_1SDV_20161231T162452_20161231T162518_014626_017C71_49FF-GRD_HD,Sentinel-1A,ASCENDING,73.2789,11.8818,2016-12-31 16:24:52.000000
189,S1A_IW_GRDH_1SDV_20161231T162427_20161231T162452_014626_017C71_53AB-GRD_HD,Sentinel-1A,ASCENDING,71.776,13.1844,2016-12-31 16:24:27.000000
190,S1A_IW_GRDH_1SDV_20161231T162402_20161231T162427_014626_017C71_5C15-GRD_HD,Sentinel-1A,ASCENDING,70.3092,14.2912,2016-12-31 16:24:02.000000
191,S1A_IW_GRDH_1SDV_20161231T162337_20161231T162402_014626_017C71_1181-GRD_HD,Sentinel-1A,ASCENDING,68.8378,15.273,2016-12-31 16:23:37.000000
192,S1A_IW_GRDH_1SDV_20161231T162312_20161231T162337_014626_017C71_7B24-GRD_HD,Sentinel-1A,ASCENDING,67.3636,16.1653,2016-12-31 16:23:12.000000
193,S1A_IW_GRDH_1SDV_20161231T162247_20161231T162312_014626_017C71_ABB3-GRD_HD,Sentinel-1A,ASCENDING,65.8862,16.9745,2016-12-31 16:22:47.000000
194,S1A_IW_GRDH_1SDV_20161231T162222_20161231T162247_014626_017C71_F5CD-GRD_HD,Sentinel-1A,ASCENDING,64.4048,17.6983,2016-12-31 16:22:22.000000
195,S1A_IW_GRDH_1SDV_20161231T162157_20161231T162222_014626_017C71_38CE-GRD_HD,Sentinel-1A,ASCENDING,62.9208,18.3616,2016-12-31 16:21:57.000000
196,S1A_IW_GRDH_1SDV_20161231T162132_20161231T162157_014626_017C71_3C84-GRD_HD,Sentinel-1A,ASCENDING,61.4351,18.9812,2016-12-31 16:21:32.000000
197,S1A_IW_GRDH_1SDV_20161231T162107_20161231T162132_014626_017C71_BCEE-GRD_HD,Sentinel-1A,ASCENDING,59.9478,19.5632,2016-12-31 16:21:07.000000
198,S1A_IW_GRDH_1SDV_20161231T162042_20161231T162107_014626_017C71_575C-GRD_HD,Sentinel-1A,ASCENDING,58.4591,20.1117,2016-12-31 16:20:42.000000
199,S1A_IW_GRDH_1SDV_20161231T162017_20161231T162042_014626_017C71_BAC2-GRD_HD,Sentinel-1A,ASCENDING,56.969,20.6299,2016-12-31 16:20:17.000000
200,S1A_IW_GRDH_1SDV_20161231T161952_20161231T162017_014626_017C71_D87F-GRD_HD,Sentinel-1A,ASCENDING,55.4775,21.1218,2016-12-31 16:19:52.000000
201,S1A_IW_GRDH_1SDV_20161231T161927_20161231T161952_014626_017C71_4168-GRD_HD,Sentinel-1A,ASCENDING,53.9849,21.5927,2016-12-31 16:19:27.000000
202,S1A_IW_GRDH_1SDV_20161231T161902_20161231T161927_014626_017C71_3D0F-GRD_HD,Sentinel-1A,ASCENDING,52.4911,22.0433,2016-12-31 16:19:02.000000
203,S1A_IW_GRDH_1SDV_20161231T161837_20161231T161902_014626_017C71_A2E9-GRD_HD,Sentinel-1A,ASCENDING,50.9963,22.4755,2016-12-31 16:18:37.000000
204,S1A_IW_GRDH_1SDV_20161231T161812_20161231T161837_014626_017C71_9D91-GRD_HD,Sentinel-1A,ASCENDING,49.5003,22.892,2016-12-31 16:18:12.000000
205,S1A_IW_GRDH_1SDV_20161231T161747_20161231T161812_014626_017C71_D7A9-GRD_HD,Sentinel-1A,ASCENDING,48.0034,23.2941,2016-12-31 16:17:47.000000
206,S1A_IW_GRDH_1SDV_20161231T161722_20161231T161747_014626_017C71_F077-GRD_HD,Sentinel-1A,ASCENDING,46.5059,23.6879,2016-12-31 16:17:22.000000
207,S1A_IW_GRDH_1SDV_20161231T161657_20161231T161722_014626_017C71_196E-GRD_HD,Sentinel-1A,ASCENDING,45.0068,24.064,2016-12-31 16:16:57.000000
208,S1A_IW_GRDH_1SDV_20161231T161632_20161231T161657_014626_017C71_30E1-GRD_HD,Sentinel-1A,ASCENDING,43.5075,24.4354,2016-12-31 16:16:32.000000
209,S1A_IW_GRDH_1SDV_20161231T161607_20161231T161632_014626_017C71_9E6A-GRD_HD,Sentinel-1A,ASCENDING,42.0073,24.7978,2016-12-31 16:16:07.000000
210,S1A_IW_GRDH_1SDV_20161231T161542_20161231T161607_014626_017C71_E828-GRD_HD,Sentinel-1A,ASCENDING,40.5049,25.1412,2016-12-31 16:15:42.000000
211,S1A_IW_GRDH_1SDV_20161231T161517_20161231T161542_014626_017C71_91A2-GRD_HD,Sentinel-1A,ASCENDING,39.0025,25.4842,2016-12-31 16:15:17.000000
212,S1A_IW_GRDH_1SDV_20161231T161452_20161231T161517_014626_017C71_C7FB-GRD_HD,Sentinel-1A,ASCENDING,37.4998,25.8235,2016-12-31 16:14:52.000000
213,S1A_IW_GRDH_1SDV_20161231T161427_20161231T161452_014626_017C71_D038-GRD_HD,Sentinel-1A,ASCENDING,35.9969,26.1601,2016-12-31 16:14:27.000000
214,S1A_IW_GRDH_1SDV_20161231T161402_20161231T161427_014626_017C71_13F2-GRD_HD,Sentinel-1A,ASCENDING,34.4927,26.4888,2016-12-31 16:14:02.000000
215,S1A_IW_GRDH_1SDV_20161231T161337_20161231T161402_014626_017C71_A810-GRD_HD,Sentinel-1A,ASCENDING,32.9874,26.8093,2016-12-31 16:13:37.000000
216,S1A_IW_GRDH_1SDV_20161231T161308_20161231T161337_014626_017C71_FB30-GRD_HD,Sentinel-1A,ASCENDING,31.3616,27.1568,2016-12-31 16:13:08.000000
217,S1A_IW_GRDH_1SDV_20161231T160533_20161231T160557_014626_017C70_BC20-GRD_HD,Sentinel-1A,ASCENDING,3.746,32.7308,2016-12-31 16:05:33.000000
218,S1A_IW_GRDH_1SDV_20161231T160508_20161231T160533_014626_017C70_5365-GRD_HD,Sentinel-1A,ASCENDING,2.265,33.0404,2016-12-31 16:05:08.000000
219,S1A_IW_GRDH_1SDV_20161231T160443_20161231T160508_014625_017C70_1DA3-GRD_HD,Sentinel-1A,ASCENDING,0.7551,33.3564,2016-12-31 16:04:43.000000
220,S1A_IW_GRDH_1SDV_20161231T160418_20161231T160443_014625_017C70_6C08-GRD_HD,Sentinel-1A,ASCENDING,-0.7546,33.6752,2016-12-31 16:04:18.000000
221,S1A_IW_GRDH_1SDV_20161231T160353_20161231T160418_014625_017C70_1668-GRD_HD,Sentinel-1A,ASCENDING,-2.2642,33.9959,2016-12-31 16:03:53.000000
222,S1A_IW_GRDH_1SDV_20161231T160328_20161231T160353_014625_017C70_2A61-GRD_HD,Sentinel-1A,ASCENDING,-3.7736,34.3193,2016-12-31 16:03:28.000000
223,S1A_IW_GRDH_1SDV_20161231T160303_20161231T160328_014625_017C70_EEC1-GRD_HD,Sentinel-1A,ASCENDING,-5.2822,34.6478,2016-12-31 16:03:03.000000
224,S1A_IW_GRDH_1SDV_20161231T160238_20161231T160303_014625_017C70_D9EB-GRD_HD,Sentinel-1A,ASCENDING,-6.7907,34.979,2016-12-31 16:02:38.000000
225,S1A_IW_GRDH_1SDV_20161231T160213_20161231T160238_014625_017C70_C217-GRD_HD,Sentinel-1A,ASCENDING,-8.298,35.317,2016-12-31 16:02:13.000000
226,S1A_IW_GRDH_1SDV_20161231T160148_20161231T160213_014625_017C70_7ADA-GRD_HD,Sentinel-1A,ASCENDING,-9.8056,35.6559,2016-12-31 16:01:48.000000
227,S1A_IW_GRDH_1SDV_20161231T160119_20161231T160148_014625_017C70_9C29-GRD_HD,Sentinel-1A,ASCENDING,-11.435,36.0219,2016-12-31 16:01:19.000000
228,S1B_IW_GRDH_1SDV_20161231T153504_20161231T153529_003642_0063E1_19ED-GRD_HD,Sentinel-1B,ASCENDING,74.1729,23.476,2016-12-31 15:35:04.000000
229,S1B_IW_GRDH_1SDV_20161231T153439_20161231T153504_003642_0063E1_937E-GRD_HD,Sentinel-1B,ASCENDING,72.7125,24.856,2016-12-31 15:34:39.000000
230,S1B_IW_GRDH_1SDV_20161231T153414_20161231T153439_003642_0063E1_5A10-GRD_HD,Sentinel-1B,ASCENDING,71.2489,26.055,2016-12-31 15:34:14.000000
231,S1B_IW_GRDH_1SDV_20161231T153349_20161231T153414_003642_0063E1_AB45-GRD_HD,Sentinel-1B,ASCENDING,69.7803,27.1116,2016-12-31 15:33:49.000000
232,S1B_IW_GRDH_1SDV_20161231T153320_20161231T153349_003642_0063E1_3FF1-GRD_HD,Sentinel-1B,ASCENDING,68.1881,28.119,2016-12-31 15:33:20.000000
233,S1B_IW_GRDH_1SDV_20161231T152715_20161231T152742_003642_0063DF_199D-GRD_HD,Sentinel-1B,ASCENDING,46.4077,36.0033,2016-12-31 15:27:15.000000
234,S1B_IW_GRDH_1SDV_20161231T152650_20161231T152715_003642_0063DF_4260-GRD_HD,Sentinel-1B,ASCENDING,44.8284,36.4013,2016-12-31 15:26:50.000000
235,S1B_IW_GRDH_1SDV_20161231T152625_20161231T152650_003642_0063DF_F33B-GRD_HD,Sentinel-1B,ASCENDING,43.3286,36.7699,2016-12-31 15:26:25.000000
236,S1B_IW_GRDH_1SDV_20161231T152600_20161231T152625_003642_0063DF_D41A-GRD_HD,Sentinel-1B,ASCENDING,41.829,37.1376,2016-12-31 15:26:00.000000
237,S1B_IW_GRDH_1SDV_20161231T152535_20161231T152600_003642_0063DF_F200-GRD_HD,Sentinel-1B,ASCENDING,40.3295,37.504,2016-12-31 15:25:35.000000
238,S1B_IW_GRDH_1SDV_20161231T152506_20161231T152535_003642_0063DF_C34D-GRD_HD,Sentinel-1B,ASCENDING,38.7067,37.8784,2016-12-31 15:25:06.000000
239,S1B_IW_GRDH_1SDV_20161231T152215_20161231T152234_003642_0063DE_ECF8-GRD_HD,Sentinel-1B,ASCENDING,28.1051,40.1188,2016-12-31 15:22:15.000000
240,S1B_IW_GRDH_1SDV_20161231T152150_20161231T152215_003642_0063DE_B7DB-GRD_HD,Sentinel-1B,ASCENDING,26.7934,40.3915,2016-12-31 15:21:50.000000
241,S1B_IW_GRDH_1SDV_20161231T152125_20161231T152150_003642_0063DE_312A-GRD_HD,Sentinel-1B,ASCENDING,25.2857,40.7008,2016-12-31 15:21:25.000000
242,S1B_IW_GRDH_1SDV_20161231T152100_20161231T152125_003642_0063DE_F350-GRD_HD,Sentinel-1B,ASCENDING,23.7776,41.0082,2016-12-31 15:21:00.000000
243,S1B_IW_GRDH_1SDV_20161231T152035_20161231T152100_003642_0063DE_7A22-GRD_HD,Sentinel-1B,ASCENDING,22.2701,41.32,2016-12-31 15:20:35.000000
244,S1B_IW_GRDH_1SDV_20161231T152010_20161231T152035_003642_0063DE_4BA5-GRD_HD,Sentinel-1B,ASCENDING,20.7607,41.6219,2016-12-31 15:20:10.000000
245,S1B_IW_GRDH_1SDV_20161231T151945_20161231T152010_003642_0063DE_6B2E-GRD_HD,Sentinel-1B,ASCENDING,19.2495,41.9153,2016-12-31 15:19:45.000000
246,S1B_IW_GRDH_1SDV_20161231T151920_20161231T151945_003642_0063DE_0BB2-GRD_HD,Sentinel-1B,ASCENDING,17.7393,42.2153,2016-12-31 15:19:20.000000
247,S1B_IW_GRDH_1SDV_20161231T151855_20161231T151920_003642_0063DE_9F05-GRD_HD,Sentinel-1B,ASCENDING,16.2293,42.5176,2016-12-31 15:18:55.000000
248,S1B_IW_GRDH_1SDV_20161231T151830_20161231T151855_003642_0063DE_38D1-GRD_HD,Sentinel-1B,ASCENDING,14.7192,42.8209,2016-12-31 15:18:30.000000
249,S1B_IW_GRDH_1SDV_20161231T151801_20161231T151830_003642_0063DE_72AA-GRD_HD,Sentinel-1B,ASCENDING,13.0881,43.1512,2016-12-31 15:18:01.000000
250,S1B_EW_GRDH_1SDH_20161231T122638_20161231T122738_003640_0063CE_6FDD-GRD_HD,Sentinel-1B,DESCENDING,71.2875,-84.6365,2016-12-31 12:26:38.000000
251,S1B_EW_GRDH_1SDH_20161231T122538_20161231T122638_003640_0063CE_EC52-GRD_HD,Sentinel-1B,DESCENDING,74.7623,-81.0248,2016-12-31 12:25:38.000000
252,S1B_EW_GRDH_1SDH_20161231T122434_20161231T122538_003640_0063CE_D0A9-GRD_HD,Sentinel-1B,DESCENDING,78.2855,-75.3771,2016-12-31 12:24:34.000000
253,S1B_EW_GRDH_1SDH_20161231T105117_20161231T105220_003639_0063C9_2BFB-GRD_HD,Sentinel-1B,DESCENDING,59.1534,-66.8731,2016-12-31 10:51:17.000000
254,S1B_EW_GRDH_1SDH_20161231T105017_20161231T105117_003639_0063C9_7198-GRD_HD,Sentinel-1B,DESCENDING,62.8031,-65.2609,2016-12-31 10:50:17.000000
255,S1B_EW_GRDH_1SDH_20161231T104917_20161231T105017_003639_0063C9_D663-GRD_HD,Sentinel-1B,DESCENDING,66.3493,-63.3779,2016-12-31 10:49:17.000000
256,S1B_EW_GRDH_1SDH_20161231T104817_20161231T104917_003639_0063C9_A414-GRD_HD,Sentinel-1B,DESCENDING,69.8746,-61.0077,2016-12-31 10:48:17.000000
257,S1B_EW_GRDH_1SDH_20161231T104717_20161231T104817_003639_0063C9_CD73-GRD_HD,Sentinel-1B,DESCENDING,73.375,-57.9368,2016-12-31 10:47:17.000000
258,S1B_EW_GRDH_1SDH_20161231T104613_20161231T104717_003639_0063C9_73F8-GRD_HD,Sentinel-1B,DESCENDING,76.9456,-53.3264,2016-12-31 10:46:13.000000
259,S1A_IW_GRDH_1SDV_20161231T102211_20161231T102244_014622_017C58_944B-GRD_HD,Sentinel-1A,DESCENDING,-10.5028,-71.4902,2016-12-31 10:22:11.000000
260,S1A_IW_GRDH_1SDV_20161231T102146_20161231T102211_014622_017C58_393D-GRD_HD,Sentinel-1A,DESCENDING,-8.7595,-71.0939,2016-12-31 10:21:46.000000
261,S1A_IW_GRDH_1SDV_20161231T102121_20161231T102146_014622_017C58_9ECC-GRD_HD,Sentinel-1A,DESCENDING,-7.2519,-70.7564,2016-12-31 10:21:21.000000
262,S1A_IW_GRDH_1SDV_20161231T102056_20161231T102121_014622_017C58_A251-GRD_HD,Sentinel-1A,DESCENDING,-5.7437,-70.4234,2016-12-31 10:20:56.000000
263,S1A_IW_GRDH_1SDV_20161231T102031_20161231T102056_014622_017C58_98CA-GRD_HD,Sentinel-1A,DESCENDING,-4.2348,-70.095,2016-12-31 10:20:31.000000
264,S1A_IW_GRDH_1SDV_20161231T102006_20161231T102031_014622_017C58_D14D-GRD_HD,Sentinel-1A,DESCENDING,-2.7256,-69.7705,2016-12-31 10:20:06.000000
265,S1A_IW_GRDH_1SDV_20161231T101941_20161231T102006_014622_017C58_432B-GRD_HD,Sentinel-1A,DESCENDING,-1.2159,-69.4494,2016-12-31 10:19:41.000000
266,S1A_IW_GRDH_1SDV_20161231T101912_20161231T101941_014622_017C58_A784-GRD_HD,Sentinel-1A,DESCENDING,0.4154,-69.1058,2016-12-31 10:19:12.000000
267,S1A_IW_GRDH_1SDH_20161231T100652_20161231T100717_014622_017C56_EB50-GRD_HD,Sentinel-1A,DESCENDING,45.1448,-59.6988,2016-12-31 10:06:52.000000
268,S1A_IW_GRDH_1SDH_20161231T100627_20161231T100652_014622_017C56_36D6-GRD_HD,Sentinel-1A,DESCENDING,46.6359,-59.3208,2016-12-31 10:06:27.000000
269,S1A_IW_GRDH_1SDH_20161231T100602_20161231T100627_014622_017C56_9442-GRD_HD,Sentinel-1A,DESCENDING,48.1343,-58.9346,2016-12-31 10:06:02.000000
270,S1A_IW_GRDH_1SDH_20161231T100537_20161231T100602_014622_017C56_31C0-GRD_HD,Sentinel-1A,DESCENDING,49.6316,-58.5342,2016-12-31 10:05:37.000000
271,S1A_IW_GRDH_1SDH_20161231T100512_20161231T100537_014622_017C56_61CC-GRD_HD,Sentinel-1A,DESCENDING,51.1274,-58.1153,2016-12-31 10:05:12.000000
272,S1A_IW_GRDH_1SDH_20161231T100447_20161231T100512_014622_017C56_599B-GRD_HD,Sentinel-1A,DESCENDING,52.6222,-57.6807,2016-12-31 10:04:47.000000
273,S1A_IW_GRDH_1SDH_20161231T100418_20161231T100447_014622_017C56_49E2-GRD_HD,Sentinel-1A,DESCENDING,54.2364,-57.1902,2016-12-31 10:04:18.000000
274,S1A_IW_GRDH_1SDH_20161231T100306_20161231T100331_014622_017C55_91F6-GRD_HD,Sentinel-1A,DESCENDING,58.6726,-55.7623,2016-12-31 10:03:06.000000
275,S1A_IW_GRDH_1SDH_20161231T100241_20161231T100306_014622_017C55_CA00-GRD_HD,Sentinel-1A,DESCENDING,60.1535,-55.2138,2016-12-31 10:02:41.000000
276,S1A_IW_GRDH_1SDH_20161231T100216_20161231T100241_014622_017C55_CE5B-GRD_HD,Sentinel-1A,DESCENDING,61.6405,-54.6268,2016-12-31 10:02:16.000000
277,S1A_IW_GRDH_1SDH_20161231T100151_20161231T100216_014622_017C55_636D-GRD_HD,Sentinel-1A,DESCENDING,63.1256,-53.9983,2016-12-31 10:01:51.000000
278,S1A_IW_GRDH_1SDH_20161231T100126_20161231T100151_014622_017C55_ED3F-GRD_HD,Sentinel-1A,DESCENDING,64.6092,-53.3272,2016-12-31 10:01:26.000000
279,S1A_IW_GRDH_1SDH_20161231T100101_20161231T100126_014622_017C55_4F77-GRD_HD,Sentinel-1A,DESCENDING,66.0908,-52.6006,2016-12-31 10:01:01.000000
280,S1A_IW_GRDH_1SDH_20161231T100032_20161231T100101_014622_017C55_0CC7-GRD_HD,Sentinel-1A,DESCENDING,67.6885,-51.7412,2016-12-31 10:00:32.000000
281,S1B_IW_GRDH_1SDV_20161231T084938_20161231T085006_003638_0063C4_1495-GRD_HD,Sentinel-1B,ASCENDING,36.8969,136.9924,2016-12-31 08:49:38.000000
282,S1B_IW_GRDH_1SDV_20161231T084909_20161231T084938_003638_0063C4_9C95-GRD_HD,Sentinel-1B,ASCENDING,35.1708,137.3727,2016-12-31 08:49:09.000000
283,S1A_IW_GRDH_1SDV_20161231T084542_20161231T084609_014621_017C4F_FE5E-GRD_HD,Sentinel-1A,DESCENDING,-18.4747,-48.7392,2016-12-31 08:45:42.000000
284,S1A_IW_GRDH_1SDV_20161231T084517_20161231T084542_014621_017C4F_A830-GRD_HD,Sentinel-1A,DESCENDING,-16.923,-48.3538,2016-12-31 08:45:17.000000
285,S1A_IW_GRDH_1SDV_20161231T084452_20161231T084517_014621_017C4F_0069-GRD_HD,Sentinel-1A,DESCENDING,-15.4193,-47.9864,2016-12-31 08:44:52.000000
286,S1A_IW_GRDH_1SDV_20161231T084427_20161231T084452_014621_017C4F_AA46-GRD_HD,Sentinel-1A,DESCENDING,-13.9154,-47.6227,2016-12-31 08:44:27.000000
287,S1A_IW_GRDH_1SDV_20161231T084402_20161231T084427_014621_017C4F_342E-GRD_HD,Sentinel-1A,DESCENDING,-12.4101,-47.2678,2016-12-31 08:44:02.000000
288,S1A_IW_GRDH_1SDV_20161231T084337_20161231T084402_014621_017C4F_049F-GRD_HD,Sentinel-1A,DESCENDING,-10.9037,-46.9195,2016-12-31 08:43:37.000000
289,S1A_IW_GRDH_1SDV_20161231T084312_20161231T084337_014621_017C4F_A77B-GRD_HD,Sentinel-1A,DESCENDING,-9.3975,-46.5731,2016-12-31 08:43:12.000000
290,S1A_IW_GRDH_1SDV_20161231T084247_20161231T084312_014621_017C4F_2665-GRD_HD,Sentinel-1A,DESCENDING,-7.8907,-46.2312,2016-12-31 08:42:47.000000
291,S1A_IW_GRDH_1SDV_20161231T084222_20161231T084247_014621_017C4F_5982-GRD_HD,Sentinel-1A,DESCENDING,-6.3829,-45.8957,2016-12-31 08:42:22.000000
292,S1A_IW_GRDH_1SDV_20161231T084157_20161231T084222_014621_017C4F_ADE2-GRD_HD,Sentinel-1A,DESCENDING,-4.8745,-45.565,2016-12-31 08:41:57.000000
293,S1A_IW_GRDH_1SDV_20161231T084132_20161231T084157_014621_017C4F_0088-GRD_HD,Sentinel-1A,DESCENDING,-3.3657,-45.2374,2016-12-31 08:41:32.000000
294,S1A_IW_GRDH_1SDV_20161231T084103_20161231T084132_014621_017C4F_2B37-GRD_HD,Sentinel-1A,DESCENDING,-1.7348,-44.8883,2016-12-31 08:41:03.000000
295,S1A_IW_GRDH_1SDV_20161231T065154_20161231T065230_014620_017C48_46A5-GRD_HD,Sentinel-1A,DESCENDING,35.7407,-12.525,2016-12-31 06:51:54.000000
296,S1A_IW_GRDH_1SDV_20161231T065129_20161231T065154_014620_017C48_87B5-GRD_HD,Sentinel-1A,DESCENDING,37.5827,-12.1152,2016-12-31 06:51:29.000000
297,S1A_IW_GRDH_1SDV_20161231T065104_20161231T065129_014620_017C48_31EB-GRD_HD,Sentinel-1A,DESCENDING,39.0854,-11.7755,2016-12-31 06:51:04.000000
298,S1A_IW_GRDH_1SDV_20161231T065039_20161231T065104_014620_017C48_3172-GRD_HD,Sentinel-1A,DESCENDING,40.5874,-11.4296,2016-12-31 06:50:39.000000
299,S1A_IW_GRDH_1SDV_20161231T065014_20161231T065039_014620_017C48_0E38-GRD_HD,Sentinel-1A,DESCENDING,42.0886,-11.0765,2016-12-31 06:50:14.000000
300,S1A_IW_GRDH_1SDV_20161231T064949_20161231T065014_014620_017C48_04C6-GRD_HD,Sentinel-1A,DESCENDING,43.5889,-10.7157,2016-12-31 06:49:49.000000
301,S1A_IW_GRDH_1SDV_20161231T064924_20161231T064949_014620_017C48_3EAB-GRD_HD,Sentinel-1A,DESCENDING,45.0886,-10.3461,2016-12-31 06:49:24.000000
302,S1A_IW_GRDH_1SDV_20161231T064859_20161231T064924_014620_017C48_9687-GRD_HD,Sentinel-1A,DESCENDING,46.5873,-9.9667,2016-12-31 06:48:59.000000
303,S1A_IW_GRDH_1SDV_20161231T064834_20161231T064859_014620_017C48_CAD5-GRD_HD,Sentinel-1A,DESCENDING,48.0852,-9.5763,2016-12-31 06:48:34.000000
304,S1B_S6_GRDH_1SDV_20161231T064825_20161231T064849_003636_0063BD_F322-GRD_HD,Sentinel-1B,ASCENDING,-43.851,-176.7103,2016-12-31 06:48:25.000000
305,S1A_IW_GRDH_1SDV_20161231T064809_20161231T064834_014620_017C48_76BE-GRD_HD,Sentinel-1A,DESCENDING,49.5821,-9.1734,2016-12-31 06:48:09.000000
306,S1A_IW_GRDH_1SDV_20161231T064744_20161231T064809_014620_017C48_A78F-GRD_HD,Sentinel-1A,DESCENDING,51.0781,-8.7567,2016-12-31 06:47:44.000000
307,S1A_IW_GRDH_1SDV_20161231T064719_20161231T064744_014620_017C48_CDFD-GRD_HD,Sentinel-1A,DESCENDING,52.5733,-8.327,2016-12-31 06:47:19.000000
308,S1A_IW_GRDH_1SDV_20161231T064654_20161231T064719_014620_017C48_148B-GRD_HD,Sentinel-1A,DESCENDING,54.0673,-7.8785,2016-12-31 06:46:54.000000
309,S1A_IW_GRDH_1SDV_20161231T064629_20161231T064654_014620_017C48_BEE0-GRD_HD,Sentinel-1A,DESCENDING,55.5598,-7.4063,2016-12-31 06:46:29.000000
310,S1A_IW_GRDH_1SDV_20161231T064604_20161231T064629_014620_017C48_AE5A-GRD_HD,Sentinel-1A,DESCENDING,57.0512,-6.9132,2016-12-31 06:46:04.000000
311,S1A_IW_GRDH_1SDV_20161231T064539_20161231T064604_014620_017C48_0D4D-GRD_HD,Sentinel-1A,DESCENDING,58.5413,-6.3926,2016-12-31 06:45:39.000000
312,S1A_IW_GRDH_1SDV_20161231T064514_20161231T064539_014620_017C48_EDC8-GRD_HD,Sentinel-1A,DESCENDING,60.0295,-5.8393,2016-12-31 06:45:14.000000
313,S1A_IW_GRDH_1SDV_20161231T064449_20161231T064514_014620_017C48_4DA2-GRD_HD,Sentinel-1A,DESCENDING,61.5165,-5.253,2016-12-31 06:44:49.000000
314,S1A_IW_GRDH_1SDV_20161231T064424_20161231T064449_014620_017C48_76A2-GRD_HD,Sentinel-1A,DESCENDING,63.0016,-4.6252,2016-12-31 06:44:24.000000
315,S1A_IW_GRDH_1SDV_20161231T064355_20161231T064424_014620_017C48_D0DC-GRD_HD,Sentinel-1A,DESCENDING,64.6032,-3.8933,2016-12-31 06:43:55.000000
316,S1B_IW_GRDH_1SDV_20161231T060514_20161231T060542_003636_0063B9_6D11-GRD_HD,Sentinel-1B,DESCENDING,23.6578,-2.7243,2016-12-31 06:05:14.000000
317,S1B_IW_GRDH_1SDV_20161231T060449_20161231T060514_003636_0063B9_95DD-GRD_HD,Sentinel-1B,DESCENDING,25.2644,-2.397,2016-12-31 06:04:49.000000
318,S1B_IW_GRDH_1SDV_20161231T060424_20161231T060449_003636_0063B9_7ACB-GRD_HD,Sentinel-1B,DESCENDING,26.7719,-2.088,2016-12-31 06:04:24.000000
319,S1B_IW_GRDH_1SDV_20161231T060359_20161231T060424_003636_0063B9_9DF9-GRD_HD,Sentinel-1B,DESCENDING,28.279,-1.777,2016-12-31 06:03:59.000000
320,S1B_IW_GRDH_1SDV_20161231T060334_20161231T060359_003636_0063B9_6ACC-GRD_HD,Sentinel-1B,DESCENDING,29.7858,-1.4656,2016-12-31 06:03:34.000000
321,S1B_IW_GRDH_1SDV_20161231T060309_20161231T060334_003636_0063B9_4554-GRD_HD,Sentinel-1B,DESCENDING,31.2923,-1.1523,2016-12-31 06:03:09.000000
322,S1B_IW_GRDH_1SDV_20161231T060244_20161231T060309_003636_0063B9_9C88-GRD_HD,Sentinel-1B,DESCENDING,32.7985,-0.8382,2016-12-31 06:02:44.000000
323,S1B_IW_GRDH_1SDV_20161231T060219_20161231T060244_003636_0063B9_1FFC-GRD_HD,Sentinel-1B,DESCENDING,34.3035,-0.516,2016-12-31 06:02:19.000000
324,S1B_IW_GRDH_1SDV_20161231T060154_20161231T060219_003636_0063B9_FAE6-GRD_HD,Sentinel-1B,DESCENDING,35.8062,-0.1787,2016-12-31 06:01:54.000000
325,S1B_IW_GRDH_1SDV_20161231T060129_20161231T060154_003636_0063B9_89D1-GRD_HD,Sentinel-1B,DESCENDING,37.3086,0.1624,2016-12-31 06:01:29.000000
326,S1B_IW_GRDH_1SDV_20161231T060104_20161231T060129_003636_0063B9_4AA8-GRD_HD,Sentinel-1B,DESCENDING,38.8111,0.503,2016-12-31 06:01:04.000000
327,S1B_IW_GRDH_1SDV_20161231T060039_20161231T060104_003636_0063B9_5847-GRD_HD,Sentinel-1B,DESCENDING,40.3132,0.8478,2016-12-31 06:00:39.000000
328,S1B_IW_GRDH_1SDV_20161231T060014_20161231T060039_003636_0063B9_74E0-GRD_HD,Sentinel-1B,DESCENDING,41.8164,1.1847,2016-12-31 06:00:14.000000
329,S1B_IW_GRDH_1SDV_20161231T055949_20161231T060014_003636_0063B9_69A8-GRD_HD,Sentinel-1B,DESCENDING,43.3177,1.5382,2016-12-31 05:59:49.000000
330,S1B_IW_GRDH_1SDV_20161231T055924_20161231T055949_003636_0063B9_70EC-GRD_HD,Sentinel-1B,DESCENDING,44.8166,1.9116,2016-12-31 05:59:24.000000
331,S1B_IW_GRDH_1SDV_20161231T055859_20161231T055924_003636_0063B9_49BB-GRD_HD,Sentinel-1B,DESCENDING,46.3152,2.2911,2016-12-31 05:58:59.000000
332,S1B_IW_GRDH_1SDV_20161231T055834_20161231T055859_003636_0063B9_C0D7-GRD_HD,Sentinel-1B,DESCENDING,47.8123,2.6875,2016-12-31 05:58:34.000000
333,S1B_IW_GRDH_1SDV_20161231T055809_20161231T055834_003636_0063B9_B115-GRD_HD,Sentinel-1B,DESCENDING,49.3093,3.0883,2016-12-31 05:58:09.000000
334,S1B_IW_GRDH_1SDV_20161231T055744_20161231T055809_003636_0063B9_04A6-GRD_HD,Sentinel-1B,DESCENDING,50.8053,3.5035,2016-12-31 05:57:44.000000
335,S1B_IW_GRDH_1SDV_20161231T055719_20161231T055744_003636_0063B9_9906-GRD_HD,Sentinel-1B,DESCENDING,52.3001,3.9361,2016-12-31 05:57:19.000000
336,S1B_IW_GRDH_1SDV_20161231T055654_20161231T055719_003636_0063B9_6704-GRD_HD,Sentinel-1B,DESCENDING,53.7941,4.3832,2016-12-31 05:56:54.000000
337,S1B_IW_GRDH_1SDV_20161231T055629_20161231T055654_003636_0063B9_5338-GRD_HD,Sentinel-1B,DESCENDING,55.2869,4.8498,2016-12-31 05:56:29.000000
338,S1B_IW_GRDH_1SDV_20161231T055604_20161231T055629_003636_0063B9_26ED-GRD_HD,Sentinel-1B,DESCENDING,56.7785,5.339,2016-12-31 05:56:04.000000
339,S1B_IW_GRDH_1SDV_20161231T055539_20161231T055604_003636_0063B9_F3C6-GRD_HD,Sentinel-1B,DESCENDING,58.2699,5.8434,2016-12-31 05:55:39.000000
340,S1B_IW_GRDH_1SDV_20161231T055514_20161231T055539_003636_0063B9_52FB-GRD_HD,Sentinel-1B,DESCENDING,59.7604,6.3702,2016-12-31 05:55:14.000000
341,S1B_IW_GRDH_1SDV_20161231T055449_20161231T055514_003636_0063B9_1FD5-GRD_HD,Sentinel-1B,DESCENDING,61.2482,6.9434,2016-12-31 05:54:49.000000
342,S1B_IW_GRDH_1SDV_20161231T055424_20161231T055449_003636_0063B9_8D3F-GRD_HD,Sentinel-1B,DESCENDING,62.7324,7.5764,2016-12-31 05:54:24.000000
343,S1B_IW_GRDH_1SDV_20161231T055359_20161231T055424_003636_0063B9_91CE-GRD_HD,Sentinel-1B,DESCENDING,64.2143,8.2601,2016-12-31 05:53:59.000000
344,S1B_IW_GRDH_1SDV_20161231T055334_20161231T055359_003636_0063B9_2782-GRD_HD,Sentinel-1B,DESCENDING,65.6951,8.9862,2016-12-31 05:53:34.000000
345,S1B_IW_GRDH_1SDV_20161231T055309_20161231T055334_003636_0063B9_4D6F-GRD_HD,Sentinel-1B,DESCENDING,67.1737,9.7755,2016-12-31 05:53:09.000000
346,S1B_IW_GRDH_1SDV_20161231T055244_20161231T055309_003636_0063B9_CC2E-GRD_HD,Sentinel-1B,DESCENDING,68.6493,10.6454,2016-12-31 05:52:44.000000
347,S1B_IW_GRDH_1SDV_20161231T055219_20161231T055244_003636_0063B9_C7CE-GRD_HD,Sentinel-1B,DESCENDING,70.1212,11.6137,2016-12-31 05:52:19.000000
348,S1B_IW_GRDH_1SDV_20161231T055154_20161231T055219_003636_0063B9_BB99-GRD_HD,Sentinel-1B,DESCENDING,71.5886,12.7038,2016-12-31 05:51:54.000000
349,S1B_IW_GRDH_1SDV_20161231T055125_20161231T055154_003636_0063B9_192B-GRD_HD,Sentinel-1B,DESCENDING,73.169,14.0544,2016-12-31 05:51:25.000000
350,S1A_IW_GRDH_1SDV_20161231T051412_20161231T051435_014619_017C44_39C6-GRD_HD,Sentinel-1A,DESCENDING,32.3535,11.4384,2016-12-31 05:14:12.000000
351,S1A_IW_GRDH_1SDV_20161231T051347_20161231T051412_014619_017C44_ECC3-GRD_HD,Sentinel-1A,DESCENDING,33.7872,11.7479,2016-12-31 05:13:47.000000
352,S1A_IW_GRDH_1SDV_20161231T051322_20161231T051347_014619_017C44_5DB0-GRD_HD,Sentinel-1A,DESCENDING,35.2916,12.0748,2016-12-31 05:13:22.000000
353,S1A_IW_GRDH_1SDV_20161231T051257_20161231T051322_014619_017C44_7CBD-GRD_HD,Sentinel-1A,DESCENDING,36.7956,12.4044,2016-12-31 05:12:57.000000
354,S1A_IW_GRDH_1SDV_20161231T051232_20161231T051257_014619_017C44_D4AE-GRD_HD,Sentinel-1A,DESCENDING,38.2986,12.7413,2016-12-31 05:12:32.000000
355,S1A_IW_GRDH_1SDV_20161231T051207_20161231T051232_014619_017C44_3297-GRD_HD,Sentinel-1A,DESCENDING,39.8007,13.0861,2016-12-31 05:12:07.000000
356,S1A_IW_GRDH_1SDV_20161231T051142_20161231T051207_014619_017C44_F8CF-GRD_HD,Sentinel-1A,DESCENDING,41.3031,13.4296,2016-12-31 05:11:42.000000
357,S1A_IW_GRDH_1SDV_20161231T051117_20161231T051142_014619_017C44_4ECF-GRD_HD,Sentinel-1A,DESCENDING,42.8039,13.7863,2016-12-31 05:11:17.000000
358,S1A_IW_GRDH_1SDV_20161231T051052_20161231T051117_014619_017C44_D507-GRD_HD,Sentinel-1A,DESCENDING,44.3038,14.152,2016-12-31 05:10:52.000000
359,S1A_IW_GRDH_1SDV_20161231T051027_20161231T051052_014619_017C44_AD6A-GRD_HD,Sentinel-1A,DESCENDING,45.8037,14.5204,2016-12-31 05:10:27.000000
360,S1A_IW_GRDH_1SDV_20161231T051002_20161231T051027_014619_017C44_2399-GRD_HD,Sentinel-1A,DESCENDING,47.302,14.9054,2016-12-31 05:10:02.000000
361,S1A_IW_GRDH_1SDV_20161231T050937_20161231T051002_014619_017C44_D35B-GRD_HD,Sentinel-1A,DESCENDING,48.7993,15.3025,2016-12-31 05:09:37.000000
362,S1A_IW_GRDH_1SDV_20161231T050912_20161231T050937_014619_017C44_8AC7-GRD_HD,Sentinel-1A,DESCENDING,50.2954,15.7152,2016-12-31 05:09:12.000000
363,S1A_IW_GRDH_1SDV_20161231T050847_20161231T050912_014619_017C44_F082-GRD_HD,Sentinel-1A,DESCENDING,51.7904,16.1437,2016-12-31 05:08:47.000000
364,S1A_IW_GRDH_1SDV_20161231T050822_20161231T050847_014619_017C44_5F2F-GRD_HD,Sentinel-1A,DESCENDING,53.2848,16.5853,2016-12-31 05:08:22.000000
365,S1A_IW_GRDH_1SDV_20161231T050757_20161231T050822_014619_017C44_E644-GRD_HD,Sentinel-1A,DESCENDING,54.7779,17.0466,2016-12-31 05:07:57.000000
366,S1A_IW_GRDH_1SDV_20161231T050732_20161231T050757_014619_017C44_846B-GRD_HD,Sentinel-1A,DESCENDING,56.2698,17.53,2016-12-31 05:07:32.000000
367,S1A_IW_GRDH_1SDV_20161231T050707_20161231T050732_014619_017C44_53CA-GRD_HD,Sentinel-1A,DESCENDING,57.7606,18.0365,2016-12-31 05:07:07.000000
368,S1A_IW_GRDH_1SDV_20161231T050638_20161231T050707_014619_017C44_E43E-GRD_HD,Sentinel-1A,DESCENDING,59.3694,18.615,2016-12-31 05:06:38.000000
369,S1A_IW_GRDH_1SDV_20161231T043944_20161231T044009_014619_017C42_940E-GRD_HD,Sentinel-1A,ASCENDING,23.2846,-158.4449,2016-12-31 04:39:44.000000
370,S1A_IW_GRDH_1SDV_20161231T043919_20161231T043944_014619_017C42_538C-GRD_HD,Sentinel-1A,ASCENDING,21.7727,-158.1381,2016-12-31 04:39:19.000000
371,S1A_IW_GRDH_1SDV_20161231T043854_20161231T043919_014619_017C42_948F-GRD_HD,Sentinel-1A,ASCENDING,20.2637,-157.8331,2016-12-31 04:38:54.000000
372,S1A_IW_GRDH_1SDV_20161231T043829_20161231T043854_014619_017C42_D8CA-GRD_HD,Sentinel-1A,ASCENDING,18.7542,-157.5289,2016-12-31 04:38:29.000000
373,S1A_IW_GRDH_1SDV_20161231T043800_20161231T043829_014619_017C42_1056-GRD_HD,Sentinel-1A,ASCENDING,17.1235,-157.2008,2016-12-31 04:38:00.000000
374,S1B_IW_GRDH_1SDV_20161231T043159_20161231T043226_003635_0063B4_D6CB-GRD_HD,Sentinel-1B,DESCENDING,3.7827,18.0118,2016-12-31 04:31:59.000000
375,S1B_IW_GRDH_1SDV_20161231T043134_20161231T043159_003635_0063B4_005D-GRD_HD,Sentinel-1B,DESCENDING,5.3415,18.3311,2016-12-31 04:31:34.000000
376,S1B_IW_GRDH_1SDV_20161231T043109_20161231T043134_003635_0063B4_1E8F-GRD_HD,Sentinel-1B,DESCENDING,6.852,18.6403,2016-12-31 04:31:09.000000
377,S1B_IW_GRDH_1SDV_20161231T043044_20161231T043109_003635_0063B4_0641-GRD_HD,Sentinel-1B,DESCENDING,8.3624,18.948,2016-12-31 04:30:44.000000
378,S1B_IW_GRDH_1SDV_20161231T043019_20161231T043044_003635_0063B4_B70F-GRD_HD,Sentinel-1B,DESCENDING,9.873,19.2537,2016-12-31 04:30:19.000000
379,S1B_IW_GRDH_1SDV_20161231T042954_20161231T043019_003635_0063B4_1E93-GRD_HD,Sentinel-1B,DESCENDING,11.3836,19.5579,2016-12-31 04:29:54.000000
380,S1B_IW_GRDH_1SDV_20161231T042929_20161231T042954_003635_0063B4_0A72-GRD_HD,Sentinel-1B,DESCENDING,12.8941,19.8609,2016-12-31 04:29:29.000000
381,S1B_IW_GRDH_1SDV_20161231T042904_20161231T042929_003635_0063B4_3B9B-GRD_HD,Sentinel-1B,DESCENDING,14.4045,20.1638,2016-12-31 04:29:04.000000
382,S1B_IW_GRDH_1SDV_20161231T042839_20161231T042904_003635_0063B4_70FE-GRD_HD,Sentinel-1B,DESCENDING,15.9144,20.4675,2016-12-31 04:28:39.000000
383,S1B_IW_GRDH_1SDV_20161231T042814_20161231T042839_003635_0063B4_0628-GRD_HD,Sentinel-1B,DESCENDING,17.4242,20.7708,2016-12-31 04:28:14.000000
384,S1B_IW_GRDH_1SDV_20161231T042749_20161231T042814_003635_0063B4_C2E5-GRD_HD,Sentinel-1B,DESCENDING,18.9339,21.0735,2016-12-31 04:27:49.000000
385,S1B_IW_GRDH_1SDV_20161231T042720_20161231T042749_003635_0063B4_3F97-GRD_HD,Sentinel-1B,DESCENDING,20.5648,21.4018,2016-12-31 04:27:20.000000
386,S1B_IW_GRDH_1SDV_20161231T042359_20161231T042423_003635_0063B3_7BD9-GRD_HD,Sentinel-1B,DESCENDING,32.8449,23.9092,2016-12-31 04:23:59.000000
387,S1B_IW_GRDH_1SDV_20161231T042334_20161231T042359_003635_0063B3_6B19-GRD_HD,Sentinel-1B,DESCENDING,34.3208,24.2262,2016-12-31 04:23:34.000000
388,S1B_IW_GRDH_1SDV_20161231T042309_20161231T042334_003635_0063B3_27DE-GRD_HD,Sentinel-1B,DESCENDING,35.8249,24.5551,2016-12-31 04:23:09.000000
389,S1B_IW_GRDH_1SDV_20161231T042244_20161231T042309_003635_0063B3_B095-GRD_HD,Sentinel-1B,DESCENDING,37.3282,24.8901,2016-12-31 04:22:44.000000
390,S1B_IW_GRDH_1SDV_20161231T042219_20161231T042244_003635_0063B3_5300-GRD_HD,Sentinel-1B,DESCENDING,38.8311,25.2291,2016-12-31 04:22:19.000000
391,S1B_IW_GRDH_1SDV_20161231T042154_20161231T042219_003635_0063B3_5848-GRD_HD,Sentinel-1B,DESCENDING,40.3334,25.5731,2016-12-31 04:21:54.000000
392,S1B_IW_GRDH_1SDV_20161231T042129_20161231T042154_003635_0063B3_ACFF-GRD_HD,Sentinel-1B,DESCENDING,41.8349,25.9245,2016-12-31 04:21:29.000000
393,S1B_IW_GRDH_1SDV_20161231T042104_20161231T042129_003635_0063B3_AF80-GRD_HD,Sentinel-1B,DESCENDING,43.3354,26.2849,2016-12-31 04:21:04.000000
394,S1B_IW_GRDH_1SDV_20161231T042039_20161231T042104_003635_0063B3_E2A1-GRD_HD,Sentinel-1B,DESCENDING,44.835,26.6547,2016-12-31 04:20:39.000000
395,S1B_IW_GRDH_1SDV_20161231T042014_20161231T042039_003635_0063B3_EE8E-GRD_HD,Sentinel-1B,DESCENDING,46.3339,27.0329,2016-12-31 04:20:14.000000
396,S1B_IW_GRDH_1SDV_20161231T041945_20161231T042014_003635_0063B3_7E48-GRD_HD,Sentinel-1B,DESCENDING,47.953,27.4512,2016-12-31 04:19:45.000000
397,S1A_IW_GRDH_1SDV_20161231T034311_20161231T034345_014618_017C3F_C62F-GRD_HD,Sentinel-1A,DESCENDING,4.0492,30.4072,2016-12-31 03:43:11.000000
398,S1A_IW_GRDH_1SDV_20161231T034246_20161231T034311_014618_017C3F_843D-GRD_HD,Sentinel-1A,DESCENDING,5.8167,30.7738,2016-12-31 03:42:46.000000
399,S1A_IW_GRDH_1SDV_20161231T034221_20161231T034246_014618_017C3F_F337-GRD_HD,Sentinel-1A,DESCENDING,7.3268,31.0839,2016-12-31 03:42:21.000000
400,S1A_IW_GRDH_1SDV_20161231T034152_20161231T034221_014618_017C3F_4DB9-GRD_HD,Sentinel-1A,DESCENDING,8.9585,31.415,2016-12-31 03:41:52.000000
401,S1A_IW_GRDH_1SDV_20161231T033651_20161231T033716_014618_017C3E_60E1-GRD_HD,Sentinel-1A,DESCENDING,27.2911,35.0665,2016-12-31 03:36:51.000000
402,S1A_IW_GRDH_1SDV_20161231T033626_20161231T033651_014618_017C3E_7BC0-GRD_HD,Sentinel-1A,DESCENDING,28.806,35.3728,2016-12-31 03:36:26.000000
403,S1A_IW_GRDH_1SDV_20161231T033601_20161231T033626_014618_017C3E_9F99-GRD_HD,Sentinel-1A,DESCENDING,30.3121,35.6889,2016-12-31 03:36:01.000000
404,S1A_IW_GRDH_1SDV_20161231T033536_20161231T033601_014618_017C3E_60AE-GRD_HD,Sentinel-1A,DESCENDING,31.8181,36.0056,2016-12-31 03:35:36.000000
405,S1A_IW_GRDH_1SDV_20161231T033511_20161231T033536_014618_017C3E_F663-GRD_HD,Sentinel-1A,DESCENDING,33.3235,36.3255,2016-12-31 03:35:11.000000
406,S1A_IW_GRDH_1SDV_20161231T033446_20161231T033511_014618_017C3E_1D4A-GRD_HD,Sentinel-1A,DESCENDING,34.8272,36.6567,2016-12-31 03:34:46.000000
407,S1A_IW_GRDH_1SDV_20161231T033421_20161231T033446_014618_017C3E_CA44-GRD_HD,Sentinel-1A,DESCENDING,36.3306,36.9902,2016-12-31 03:34:21.000000
408,S1A_IW_GRDH_1SDV_20161231T033356_20161231T033421_014618_017C3E_0A76-GRD_HD,Sentinel-1A,DESCENDING,37.8346,37.3199,2016-12-31 03:33:56.000000
409,S1A_IW_GRDH_1SDV_20161231T033331_20161231T033356_014618_017C3E_E924-GRD_HD,Sentinel-1A,DESCENDING,39.3387,37.6489,2016-12-31 03:33:31.000000
410,S1A_IW_GRDH_1SDV_20161231T033306_20161231T033331_014618_017C3E_78BC-GRD_HD,Sentinel-1A,DESCENDING,40.8394,38.0052,2016-12-31 03:33:06.000000
411,S1A_IW_GRDH_1SDV_20161231T033241_20161231T033306_014618_017C3E_B09A-GRD_HD,Sentinel-1A,DESCENDING,42.3381,38.3777,2016-12-31 03:32:41.000000
412,S1A_IW_GRDH_1SDV_20161231T033216_20161231T033241_014618_017C3E_BE1C-GRD_HD,Sentinel-1A,DESCENDING,43.8387,38.7374,2016-12-31 03:32:16.000000
413,S1A_IW_GRDH_1SDV_20161231T033151_20161231T033216_014618_017C3E_288D-GRD_HD,Sentinel-1A,DESCENDING,45.3383,39.1081,2016-12-31 03:31:51.000000
414,S1A_IW_GRDH_1SDV_20161231T033126_20161231T033151_014618_017C3E_A9C9-GRD_HD,Sentinel-1A,DESCENDING,46.8368,39.491,2016-12-31 03:31:26.000000
415,S1A_IW_GRDH_1SDV_20161231T033101_20161231T033126_014618_017C3E_B622-GRD_HD,Sentinel-1A,DESCENDING,48.3346,39.8834,2016-12-31 03:31:01.000000
416,S1A_IW_GRDH_1SDV_20161231T033036_20161231T033101_014618_017C3E_9029-GRD_HD,Sentinel-1A,DESCENDING,49.8314,40.2884,2016-12-31 03:30:36.000000
417,S1A_IW_GRDH_1SDV_20161231T033011_20161231T033036_014618_017C3E_12A1-GRD_HD,Sentinel-1A,DESCENDING,51.3272,40.7082,2016-12-31 03:30:11.000000
418,S1A_IW_GRDH_1SDV_20161231T032946_20161231T033011_014618_017C3E_3886-GRD_HD,Sentinel-1A,DESCENDING,52.8219,41.1441,2016-12-31 03:29:46.000000
419,S1A_IW_GRDH_1SDV_20161231T032921_20161231T032946_014618_017C3E_8DD6-GRD_HD,Sentinel-1A,DESCENDING,54.3156,41.5984,2016-12-31 03:29:21.000000
420,S1A_IW_GRDH_1SDV_20161231T032852_20161231T032921_014618_017C3E_BA37-GRD_HD,Sentinel-1A,DESCENDING,55.928,42.1128,2016-12-31 03:28:52.000000
421,S1B_IW_GRDH_1SDV_20161231T024108_20161231T024133_003634_0063AD_18D3-GRD_HD,Sentinel-1B,DESCENDING,47.6277,52.0184,2016-12-31 02:41:08.000000
422,S1B_IW_GRDH_1SDV_20161231T024043_20161231T024108_003634_0063AD_FBBF-GRD_HD,Sentinel-1B,DESCENDING,49.1174,52.4143,2016-12-31 02:40:43.000000
423,S1B_IW_GRDH_1SDV_20161231T024018_20161231T024043_003634_0063AD_C5B9-GRD_HD,Sentinel-1B,DESCENDING,50.6138,52.8253,2016-12-31 02:40:18.000000
424,S1B_IW_GRDH_1SDV_20161231T023953_20161231T024018_003634_0063AD_3975-GRD_HD,Sentinel-1B,DESCENDING,52.1093,53.2504,2016-12-31 02:39:53.000000
425,S1B_IW_GRDH_1SDV_20161231T023928_20161231T023953_003634_0063AD_FD5F-GRD_HD,Sentinel-1B,DESCENDING,53.6036,53.6933,2016-12-31 02:39:28.000000
426,S1B_IW_GRDH_1SDV_20161231T023903_20161231T023928_003634_0063AD_E004-GRD_HD,Sentinel-1B,DESCENDING,55.0965,54.1581,2016-12-31 02:39:03.000000
427,S1B_IW_GRDH_1SDV_20161231T023834_20161231T023903_003634_0063AD_9057-GRD_HD,Sentinel-1B,DESCENDING,56.7085,54.6837,2016-12-31 02:38:34.000000
428,S1B_IW_GRDH_1SDV_20161231T022016_20161231T022038_003634_0063AB_80D7-GRD_HD,Sentinel-1B,ASCENDING,56.8765,-129.4793,2016-12-31 02:20:16.000000
429,S1B_IW_GRDH_1SDV_20161231T021951_20161231T022016_003634_0063AB_0D4B-GRD_HD,Sentinel-1B,ASCENDING,55.4688,-129.0264,2016-12-31 02:19:51.000000
430,S1B_IW_GRDH_1SDV_20161231T021926_20161231T021951_003634_0063AB_3591-GRD_HD,Sentinel-1B,ASCENDING,53.9747,-128.5702,2016-12-31 02:19:26.000000
431,S1B_IW_GRDH_1SDV_20161231T021901_20161231T021926_003634_0063AB_FA3B-GRD_HD,Sentinel-1B,ASCENDING,52.48,-128.1282,2016-12-31 02:19:01.000000
432,S1B_IW_GRDH_1SDV_20161231T021836_20161231T021901_003634_0063AB_1CC5-GRD_HD,Sentinel-1B,ASCENDING,50.9848,-127.6981,2016-12-31 02:18:36.000000
433,S1B_IW_GRDH_1SDV_20161231T021807_20161231T021836_003634_0063AB_2870-GRD_HD,Sentinel-1B,ASCENDING,49.368,-127.2491,2016-12-31 02:18:07.000000
434,S1A_IW_GRDH_1SDV_20161231T021210_20161231T021230_014617_017C3A_5E84-GRD_HD,Sentinel-1A,DESCENDING,-23.4453,48.6937,2016-12-31 02:12:10.000000
435,S1A_IW_GRDH_1SDV_20161231T021145_20161231T021210_014617_017C3A_DCB2-GRD_HD,Sentinel-1A,DESCENDING,-22.1202,49.0503,2016-12-31 02:11:45.000000
436,S1A_IW_GRDH_1SDV_20161231T021120_20161231T021145_014617_017C3A_7015-GRD_HD,Sentinel-1A,DESCENDING,-20.6205,49.4449,2016-12-31 02:11:20.000000
437,S1A_IW_GRDH_1SDV_20161231T021055_20161231T021120_014617_017C3A_E8B6-GRD_HD,Sentinel-1A,DESCENDING,-19.1196,49.8308,2016-12-31 02:10:55.000000
438,S1A_IW_GRDH_1SDV_20161231T021030_20161231T021055_014617_017C3A_D8A0-GRD_HD,Sentinel-1A,DESCENDING,-17.6175,50.2087,2016-12-31 02:10:30.000000
439,S1A_IW_GRDH_1SDV_20161231T021005_20161231T021030_014617_017C3A_A27B-GRD_HD,Sentinel-1A,DESCENDING,-16.1144,50.5793,2016-12-31 02:10:05.000000
440,S1A_IW_GRDH_1SDV_20161231T020936_20161231T021005_014617_017C3A_9547-GRD_HD,Sentinel-1A,DESCENDING,-14.4895,50.9718,2016-12-31 02:09:36.000000
441,S1B_IW_GRDH_1SDV_20161231T010223_20161231T010251_003633_0063A8_3CBE-GRD_HD,Sentinel-1B,DESCENDING,47.5632,76.677,2016-12-31 01:02:23.000000
442,S1B_IW_GRDH_1SDV_20161231T010158_20161231T010223_003633_0063A8_824B-GRD_HD,Sentinel-1B,DESCENDING,49.141,77.0937,2016-12-31 01:01:58.000000
443,S1B_IW_GRDH_1SDV_20161231T010133_20161231T010158_003633_0063A8_DDA4-GRD_HD,Sentinel-1B,DESCENDING,50.6368,77.5108,2016-12-31 01:01:33.000000
444,S1B_IW_GRDH_1SDV_20161231T010108_20161231T010133_003633_0063A8_876B-GRD_HD,Sentinel-1B,DESCENDING,52.1314,77.9439,2016-12-31 01:01:08.000000
445,S1B_IW_GRDH_1SDV_20161231T010043_20161231T010108_003633_0063A8_A442-GRD_HD,Sentinel-1B,DESCENDING,53.6255,78.3889,2016-12-31 01:00:43.000000
446,S1B_IW_GRDH_1SDV_20161231T010014_20161231T010043_003633_0063A8_78DB-GRD_HD,Sentinel-1B,DESCENDING,55.2388,78.8909,2016-12-31 01:00:14.000000
447,S1B_IW_GRDH_1SDV_20161231T004446_20161231T004509_003633_0063A7_13E2-GRD_HD,Sentinel-1B,ASCENDING,68.474,-109.9607,2016-12-31 00:44:46.000000
448,S1B_IW_GRDH_1SDV_20161231T004421_20161231T004446_003633_0063A7_C118-GRD_HD,Sentinel-1B,ASCENDING,67.0685,-109.1343,2016-12-31 00:44:21.000000
449,S1B_IW_GRDH_1SDV_20161231T004356_20161231T004421_003633_0063A7_FC2C-GRD_HD,Sentinel-1B,ASCENDING,65.5899,-108.3484,2016-12-31 00:43:56.000000
450,S1B_IW_GRDH_1SDV_20161231T004331_20161231T004356_003633_0063A7_519A-GRD_HD,Sentinel-1B,ASCENDING,64.1083,-107.6339,2016-12-31 00:43:31.000000
451,S1B_IW_GRDH_1SDV_20161231T004306_20161231T004331_003633_0063A7_8115-GRD_HD,Sentinel-1B,ASCENDING,62.6245,-106.9735,2016-12-31 00:43:06.000000
452,S1B_IW_GRDH_1SDV_20161231T004241_20161231T004306_003633_0063A7_9434-GRD_HD,Sentinel-1B,ASCENDING,61.1389,-106.3575,2016-12-31 00:42:41.000000
453,S1B_IW_GRDH_1SDV_20161231T004216_20161231T004241_003633_0063A7_BBF1-GRD_HD,Sentinel-1B,ASCENDING,59.6514,-105.782,2016-12-31 00:42:16.000000
454,S1B_IW_GRDH_1SDV_20161231T004151_20161231T004216_003633_0063A7_61B3-GRD_HD,Sentinel-1B,ASCENDING,58.1624,-105.2408,2016-12-31 00:41:51.000000
455,S1B_IW_GRDH_1SDV_20161231T004126_20161231T004151_003633_0063A7_8289-GRD_HD,Sentinel-1B,ASCENDING,56.6719,-104.7291,2016-12-31 00:41:26.000000
456,S1B_IW_GRDH_1SDV_20161231T004101_20161231T004126_003633_0063A7_4BFA-GRD_HD,Sentinel-1B,ASCENDING,55.1801,-104.2426,2016-12-31 00:41:01.000000
457,S1B_IW_GRDH_1SDV_20161231T004036_20161231T004101_003633_0063A7_5E79-GRD_HD,Sentinel-1B,ASCENDING,53.6872,-103.7777,2016-12-31 00:40:36.000000
458,S1B_IW_GRDH_1SDV_20161231T004011_20161231T004036_003633_0063A7_BAC8-GRD_HD,Sentinel-1B,ASCENDING,52.193,-103.3333,2016-12-31 00:40:11.000000
459,S1B_IW_GRDH_1SDV_20161231T003946_20161231T004011_003633_0063A7_932A-GRD_HD,Sentinel-1B,ASCENDING,50.6979,-102.9049,2016-12-31 00:39:46.000000
460,S1B_IW_GRDH_1SDV_20161231T003921_20161231T003946_003633_0063A7_5EB9-GRD_HD,Sentinel-1B,ASCENDING,49.2017,-102.4923,2016-12-31 00:39:21.000000
461,S1B_IW_GRDH_1SDV_20161231T003856_20161231T003921_003633_0063A7_547F-GRD_HD,Sentinel-1B,ASCENDING,47.7046,-102.0918,2016-12-31 00:38:56.000000
462,S1B_IW_GRDH_1SDV_20161231T003831_20161231T003856_003633_0063A7_B52A-GRD_HD,Sentinel-1B,ASCENDING,46.2067,-101.7039,2016-12-31 00:38:31.000000
463,S1B_IW_GRDH_1SDV_20161231T003806_20161231T003831_003633_0063A7_0BBB-GRD_HD,Sentinel-1B,ASCENDING,44.7077,-101.328,2016-12-31 00:38:06.000000
464,S1B_IW_GRDH_1SDV_20161231T003741_20161231T003806_003633_0063A7_6403-GRD_HD,Sentinel-1B,ASCENDING,43.2082,-100.9584,2016-12-31 00:37:41.000000
465,S1B_IW_GRDH_1SDV_20161231T003712_20161231T003741_003633_0063A7_A7A2-GRD_HD,Sentinel-1B,ASCENDING,41.5868,-100.57,2016-12-31 00:37:12.000000
466,S1A_IW_GRDH_1SDV_20161231T002511_20161231T002537_014616_017C33_071F-GRD_HD,Sentinel-1A,DESCENDING,6.1619,80.2132,2016-12-31 00:25:11.000000
467,S1A_IW_GRDH_1SDV_20161231T002446_20161231T002511_014616_017C33_2947-GRD_HD,Sentinel-1A,DESCENDING,7.6851,80.5232,2016-12-31 00:24:46.000000
468,S1A_IW_GRDH_1SDV_20161231T002417_20161231T002446_014616_017C33_8215-GRD_HD,Sentinel-1A,DESCENDING,9.3157,80.8603,2016-12-31 00:24:17.000000
469,S1A_IW_GRDH_1SDV_20161231T002224_20161231T002248_014616_017C32_E900-GRD_HD,Sentinel-1A,DESCENDING,16.295,82.2592,2016-12-31 00:22:24.000000
470,S1A_IW_GRDH_1SDV_20161231T002159_20161231T002224_014616_017C32_BA14-GRD_HD,Sentinel-1A,DESCENDING,17.7866,82.556,2016-12-31 00:21:59.000000
471,S1A_IW_GRDH_1SDV_20161231T002134_20161231T002159_014616_017C32_96B0-GRD_HD,Sentinel-1A,DESCENDING,19.2968,82.8559,2016-12-31 00:21:34.000000
472,S1A_IW_GRDH_1SDV_20161231T002109_20161231T002134_014616_017C32_9770-GRD_HD,Sentinel-1A,DESCENDING,20.806,83.1606,2016-12-31 00:21:09.000000
473,S1A_IW_GRDH_1SDV_20161231T002044_20161231T002109_014616_017C32_4848-GRD_HD,Sentinel-1A,DESCENDING,22.3152,83.4636,2016-12-31 00:20:44.000000
474,S1A_IW_GRDH_1SDV_20161231T002019_20161231T002044_014616_017C32_2305-GRD_HD,Sentinel-1A,DESCENDING,23.8236,83.7707,2016-12-31 00:20:19.000000
475,S1A_IW_GRDH_1SDV_20161231T001954_20161231T002019_014616_017C32_0409-GRD_HD,Sentinel-1A,DESCENDING,25.3307,84.0841,2016-12-31 00:19:54.000000
476,S1A_IW_GRDH_1SDV_20161231T001929_20161231T001954_014616_017C32_5BC8-GRD_HD,Sentinel-1A,DESCENDING,26.8394,84.3866,2016-12-31 00:19:29.000000
477,S1A_IW_GRDH_1SDV_20161231T001900_20161231T001929_014616_017C32_D62F-GRD_HD,Sentinel-1A,DESCENDING,28.4743,84.6809,2016-12-31 00:19:00.000000
478,S1A_IW_GRDH_1SDV_20161230T234758_20161230T234817_014616_017C31_B353-GRD_HD,Sentinel-1A,ASCENDING,39.2093,-87.7615,2016-12-30 23:47:58.000000
479,S1A_IW_GRDH_1SDV_20161230T234733_20161230T234758_014616_017C31_D3FD-GRD_HD,Sentinel-1A,ASCENDING,37.8801,-87.4593,2016-12-30 23:47:33.000000
480,S1A_IW_GRDH_1SDV_20161230T234708_20161230T234733_014616_017C31_1BB6-GRD_HD,Sentinel-1A,ASCENDING,36.3769,-87.1228,2016-12-30 23:47:08.000000
481,S1A_IW_GRDH_1SDV_20161230T234643_20161230T234708_014616_017C31_57EE-GRD_HD,Sentinel-1A,ASCENDING,34.8729,-86.792,2016-12-30 23:46:43.000000
482,S1A_IW_GRDH_1SDV_20161230T234618_20161230T234643_014616_017C31_F915-GRD_HD,Sentinel-1A,ASCENDING,33.3682,-86.4669,2016-12-30 23:46:18.000000
483,S1A_IW_GRDH_1SDV_20161230T234553_20161230T234618_014616_017C31_7396-GRD_HD,Sentinel-1A,ASCENDING,31.8628,-86.1456,2016-12-30 23:45:53.000000
484,S1A_IW_GRDH_1SDV_20161230T234524_20161230T234553_014616_017C31_9021-GRD_HD,Sentinel-1A,ASCENDING,30.2356,-85.8017,2016-12-30 23:45:24.000000
485,S1A_IW_GRDH_1SDV_20161230T234120_20161230T234148_014616_017C2F_C4E9-GRD_HD,Sentinel-1A,ASCENDING,15.487,-82.8217,2016-12-30 23:41:20.000000
486,S1A_IW_GRDH_1SDV_20161230T234051_20161230T234120_014616_017C2F_0843-GRD_HD,Sentinel-1A,ASCENDING,13.7541,-82.4737,2016-12-30 23:40:51.000000
487,S1A_IW_GRDH_1SDV_20161230T233940_20161230T234009_014616_017C2E_24E0-GRD_HD,Sentinel-1A,ASCENDING,9.4893,-81.6083,2016-12-30 23:39:40.000000
488,S1A_IW_GRDH_1SDV_20161230T233911_20161230T233940_014616_017C2E_F356-GRD_HD,Sentinel-1A,ASCENDING,7.7555,-81.2571,2016-12-30 23:39:11.000000
489,S1B_IW_GRDH_1SDV_20161230T232532_20161230T232545_003632_0063A2_8B26-GRD_HD,Sentinel-1B,DESCENDING,41.1804,99.7788,2016-12-30 23:25:32.000000
490,S1B_IW_GRDH_1SDV_20161230T232507_20161230T232532_003632_0063A2_78F6-GRD_HD,Sentinel-1B,DESCENDING,42.3215,100.0433,2016-12-30 23:25:07.000000
491,S1B_IW_GRDH_1SDV_20161230T232442_20161230T232507_003632_0063A2_3215-GRD_HD,Sentinel-1B,DESCENDING,43.8223,100.401,2016-12-30 23:24:42.000000
492,S1B_IW_GRDH_1SDV_20161230T232417_20161230T232442_003632_0063A2_6C20-GRD_HD,Sentinel-1B,DESCENDING,45.3224,100.7661,2016-12-30 23:24:17.000000
493,S1B_IW_GRDH_1SDV_20161230T232352_20161230T232417_003632_0063A2_E8D6-GRD_HD,Sentinel-1B,DESCENDING,46.8213,101.1453,2016-12-30 23:23:52.000000
494,S1B_IW_GRDH_1SDV_20161230T232327_20161230T232352_003632_0063A2_42D4-GRD_HD,Sentinel-1B,DESCENDING,48.3184,101.5423,2016-12-30 23:23:27.000000
495,S1B_IW_GRDH_1SDV_20161230T232302_20161230T232327_003632_0063A2_2616-GRD_HD,Sentinel-1B,DESCENDING,49.815,101.9483,2016-12-30 23:23:02.000000
496,S1B_IW_GRDH_1SDV_20161230T232237_20161230T232302_003632_0063A2_353B-GRD_HD,Sentinel-1B,DESCENDING,51.3101,102.3735,2016-12-30 23:22:37.000000
497,S1B_IW_GRDH_1SDV_20161230T232212_20161230T232237_003632_0063A2_B71F-GRD_HD,Sentinel-1B,DESCENDING,52.8038,102.8178,2016-12-30 23:22:12.000000
498,S1B_IW_GRDH_1SDV_20161230T232147_20161230T232212_003632_0063A2_392E-GRD_HD,Sentinel-1B,DESCENDING,54.2971,103.2745,2016-12-30 23:21:47.000000
499,S1B_IW_GRDH_1SDV_20161230T232118_20161230T232147_003632_0063A2_A64A-GRD_HD,Sentinel-1B,DESCENDING,55.9096,103.789,2016-12-30 23:21:18.000000
